date,product_name,category,season,market_demand,weather_impact,base_price,price,month,year,day_of_year
2022-01-01,Tomatoes,Vegetables,Spring,low,medium,87.41722139252525,65.86,1,2022,1
2022-01-01,Potatoes,Vegetables,Spring,high,low,127.7585271554666,146.93,1,2022,1
2022-01-01,Onions,Vegetables,Spring,low,high,30.455050190275905,19.23,1,2022,1
2022-01-01,Carrots,Vegetables,Spring,low,low,137.1599251307935,108.87,1,2022,1
2022-01-01,Spinach,Vegetables,Spring,medium,high,188.93948762283503,176.41,1,2022,1
2022-01-01,Apples,Fruits,Spring,medium,low,131.14667173298898,112.31,1,2022,1
2022-01-01,Bananas,Fruits,Spring,high,medium,24.151236507454836,27.69,1,2022,1
2022-01-01,Oranges,Fruits,Spring,high,low,28.39981937845078,32.2,1,2022,1
2022-01-01,Mangoes,Fruits,Spring,high,high,131.3094816799557,147.78,1,2022,1
2022-01-01,Grapes,Fruits,Spring,high,medium,28.361074289599593,31.0,1,2022,1
2022-01-01,Rice,Grains,Spring,low,high,31.70928673735031,21.84,1,2022,1
2022-01-01,Wheat,Grains,Spring,medium,none,89.3749704571849,84.56,1,2022,1
2022-01-01,Corn,Grains,Spring,high,high,63.38458388468211,69.97,1,2022,1
2022-01-01,Barley,Grains,Spring,medium,none,26.18993380073931,24.93,1,2022,1
2022-01-01,Oats,Grains,Spring,medium,low,139.25401118371676,132.82,1,2022,1
2022-01-01,Milk,Dairy,Spring,medium,none,118.40785028179033,129.53,1,2022,1
2022-01-01,Cheese,Dairy,Spring,medium,low,159.52390820500062,163.51,1,2022,1
2022-01-01,Butter,Dairy,Spring,high,high,127.62199618599533,143.01,1,2022,1
2022-01-01,Yogurt,Dairy,Spring,medium,high,113.75016680464826,103.35,1,2022,1
2022-01-01,Cream,Dairy,Spring,high,none,154.51761982472857,204.36,1,2022,1
2022-01-01,Chicken,Meat,Spring,low,none,193.74595530754485,148.68,1,2022,1
2022-01-01,Beef,Meat,Spring,low,medium,49.74804903134045,35.27,1,2022,1
2022-01-01,Pork,Meat,Spring,high,medium,91.07867327160255,100.14,1,2022,1
2022-01-01,Fish,Meat,Spring,high,none,148.041551494757,196.53,1,2022,1
2022-01-01,Lamb,Meat,Spring,medium,none,186.73415813240283,202.23,1,2022,1
2022-01-08,Tomatoes,Vegetables,Spring,medium,none,173.00694400216386,157.91,1,2022,8
2022-01-08,Potatoes,Vegetables,Spring,low,medium,75.9768179088192,55.7,1,2022,8
2022-01-08,Onions,Vegetables,Spring,high,none,69.44992273821154,88.17,1,2022,8
2022-01-08,Carrots,Vegetables,Spring,high,none,194.90817717003867,264.62,1,2022,8
2022-01-08,Spinach,Vegetables,Spring,medium,medium,62.477285554812035,51.06,1,2022,8
2022-01-08,Apples,Fruits,Spring,medium,low,147.91932014344172,138.82,1,2022,8
2022-01-08,Bananas,Fruits,Spring,high,none,56.30945642037132,70.48,1,2022,8
2022-01-08,Oranges,Fruits,Spring,medium,none,111.5427244096465,105.95,1,2022,8
2022-01-08,Mangoes,Fruits,Spring,high,none,93.86892614641336,115.41,1,2022,8
2022-01-08,Grapes,Fruits,Spring,high,medium,33.85638376918274,36.93,1,2022,8
2022-01-08,Rice,Grains,Spring,low,low,187.34557742166317,146.18,1,2022,8
2022-01-08,Wheat,Grains,Spring,medium,low,176.86290623378918,169.34,1,2022,8
2022-01-08,Corn,Grains,Spring,low,medium,165.33922792953126,128.73,1,2022,8
2022-01-08,Barley,Grains,Spring,high,low,68.98380488923436,76.68,1,2022,8
2022-01-08,Oats,Grains,Spring,high,medium,83.46239414015042,91.1,1,2022,8
2022-01-08,Milk,Dairy,Spring,medium,none,116.13609548757955,120.61,1,2022,8
2022-01-08,Cheese,Dairy,Spring,high,medium,68.49422008373386,77.3,1,2022,8
2022-01-08,Butter,Dairy,Spring,low,high,113.38231191380589,75.0,1,2022,8
2022-01-08,Yogurt,Dairy,Spring,medium,medium,194.92077488977293,175.33,1,2022,8
2022-01-08,Cream,Dairy,Spring,low,high,74.15809576701854,45.76,1,2022,8
2022-01-08,Chicken,Meat,Spring,medium,high,129.72158011638143,100.37,1,2022,8
2022-01-08,Beef,Meat,Spring,low,none,70.15636356259006,53.2,1,2022,8
2022-01-08,Pork,Meat,Spring,medium,high,46.08107697642016,39.58,1,2022,8
2022-01-08,Fish,Meat,Spring,high,medium,126.68541029829083,144.36,1,2022,8
2022-01-08,Lamb,Meat,Spring,medium,high,63.58878888993666,53.73,1,2022,8
2022-01-15,Tomatoes,Vegetables,Spring,medium,medium,197.01616536107173,188.54,1,2022,15
2022-01-15,Potatoes,Vegetables,Spring,low,high,163.7021224972192,111.5,1,2022,15
2022-01-15,Onions,Vegetables,Spring,high,high,145.24630522235873,154.91,1,2022,15
2022-01-15,Carrots,Vegetables,Spring,medium,medium,59.643388561798695,57.0,1,2022,15
2022-01-15,Spinach,Vegetables,Spring,high,high,82.7598777125113,99.51,1,2022,15
2022-01-15,Apples,Fruits,Spring,high,low,91.56296379575402,120.72,1,2022,15
2022-01-15,Bananas,Fruits,Spring,low,none,141.62422106707055,106.71,1,2022,15
2022-01-15,Oranges,Fruits,Spring,medium,medium,117.46063528896185,99.98,1,2022,15
2022-01-15,Mangoes,Fruits,Spring,low,high,51.49188687726851,35.22,1,2022,15
2022-01-15,Grapes,Fruits,Spring,medium,high,63.5334123620813,54.63,1,2022,15
2022-01-15,Rice,Grains,Spring,high,none,178.87454177408114,222.25,1,2022,15
2022-01-15,Wheat,Grains,Spring,high,high,146.06440939509883,173.9,1,2022,15
2022-01-15,Corn,Grains,Spring,high,none,160.3775982543723,194.38,1,2022,15
2022-01-15,Barley,Grains,Spring,medium,medium,181.73975393487427,159.39,1,2022,15
2022-01-15,Oats,Grains,Spring,low,none,189.22401964240012,144.84,1,2022,15
2022-01-15,Milk,Dairy,Spring,medium,low,74.96549486199082,70.48,1,2022,15
2022-01-15,Cheese,Dairy,Spring,low,high,199.00234326994772,128.21,1,2022,15
2022-01-15,Butter,Dairy,Spring,high,medium,78.57194566866819,94.83,1,2022,15
2022-01-15,Yogurt,Dairy,Spring,high,medium,122.29554860038489,146.99,1,2022,15
2022-01-15,Cream,Dairy,Spring,medium,low,65.08312734900514,67.75,1,2022,15
2022-01-15,Chicken,Meat,Spring,high,medium,107.61358753270191,133.33,1,2022,15
2022-01-15,Beef,Meat,Spring,high,high,110.47467675893458,130.97,1,2022,15
2022-01-15,Pork,Meat,Spring,high,high,61.43334828347995,61.43,1,2022,15
2022-01-15,Fish,Meat,Spring,low,high,136.18501326329022,100.76,1,2022,15
2022-01-15,Lamb,Meat,Spring,low,low,191.70714386046572,141.91,1,2022,15
2022-01-22,Tomatoes,Vegetables,Spring,low,none,22.782190975196137,18.42,1,2022,22
2022-01-22,Potatoes,Vegetables,Spring,low,high,123.0126444507509,80.21,1,2022,22
2022-01-22,Onions,Vegetables,Spring,high,none,89.31759114834655,111.86,1,2022,22
2022-01-22,Carrots,Vegetables,Spring,low,low,50.50869440349665,41.74,1,2022,22
2022-01-22,Spinach,Vegetables,Spring,medium,high,145.28536340149515,116.3,1,2022,22
2022-01-22,Apples,Fruits,Spring,high,low,140.80583302832912,165.35,1,2022,22
2022-01-22,Bananas,Fruits,Spring,medium,none,73.15230591540897,78.25,1,2022,22
2022-01-22,Oranges,Fruits,Spring,medium,high,44.59183965956519,38.3,1,2022,22
2022-01-22,Mangoes,Fruits,Spring,medium,medium,73.37182585660372,62.81,1,2022,22
2022-01-22,Grapes,Fruits,Spring,medium,medium,130.0724679558225,117.1,1,2022,22
2022-01-22,Rice,Grains,Spring,low,high,163.69313221401953,115.81,1,2022,22
2022-01-22,Wheat,Grains,Spring,high,medium,163.2426804984982,172.95,1,2022,22
2022-01-22,Corn,Grains,Spring,high,medium,124.19568119136056,131.82,1,2022,22
2022-01-22,Barley,Grains,Spring,high,low,103.80764326384283,122.73,1,2022,22
2022-01-22,Oats,Grains,Spring,medium,none,126.34998690242193,114.66,1,2022,22
2022-01-22,Milk,Dairy,Spring,medium,medium,168.06810091873848,139.98,1,2022,22
2022-01-22,Cheese,Dairy,Spring,low,high,114.00378680986479,73.12,1,2022,22
2022-01-22,Butter,Dairy,Spring,medium,none,132.12028564742005,124.04,1,2022,22
2022-01-22,Yogurt,Dairy,Spring,high,medium,94.04370291020214,102.07,1,2022,22
2022-01-22,Cream,Dairy,Spring,medium,high,43.894176003734565,38.91,1,2022,22
2022-01-22,Chicken,Meat,Spring,high,medium,27.39215301821764,31.66,1,2022,22
2022-01-22,Beef,Meat,Spring,low,low,34.12214864160787,28.33,1,2022,22
2022-01-22,Pork,Meat,Spring,low,high,170.47642169219705,113.81,1,2022,22
2022-01-22,Fish,Meat,Spring,low,medium,51.192977612752244,35.02,1,2022,22
2022-01-22,Lamb,Meat,Spring,low,high,118.86079964710169,87.85,1,2022,22
2022-01-29,Tomatoes,Vegetables,Spring,low,medium,134.88870689180305,100.17,1,2022,29
2022-01-29,Potatoes,Vegetables,Spring,low,medium,98.42112176202039,64.45,1,2022,29
2022-01-29,Onions,Vegetables,Spring,high,none,121.88669788893374,146.42,1,2022,29
2022-01-29,Carrots,Vegetables,Spring,low,medium,81.53834000895228,53.32,1,2022,29
2022-01-29,Spinach,Vegetables,Spring,low,high,173.9829051219813,106.88,1,2022,29
2022-01-29,Apples,Fruits,Spring,low,medium,157.40559614070398,109.85,1,2022,29
2022-01-29,Bananas,Fruits,Spring,low,medium,103.64128632913005,67.88,1,2022,29
2022-01-29,Oranges,Fruits,Spring,medium,high,190.84623168644947,158.15,1,2022,29
2022-01-29,Mangoes,Fruits,Spring,medium,high,132.65478482856255,120.8,1,2022,29
2022-01-29,Grapes,Fruits,Spring,high,low,138.56485369141012,154.92,1,2022,29
2022-01-29,Rice,Grains,Spring,high,high,125.4396046292234,140.7,1,2022,29
2022-01-29,Wheat,Grains,Spring,low,none,89.87058671717395,76.37,1,2022,29
2022-01-29,Corn,Grains,Spring,high,none,167.71510563391197,238.14,1,2022,29
2022-01-29,Barley,Grains,Spring,low,none,182.96311555209147,138.02,1,2022,29
2022-01-29,Oats,Grains,Spring,low,medium,87.90663498103565,64.79,1,2022,29
2022-01-29,Milk,Dairy,Spring,medium,high,80.57975867997078,66.92,1,2022,29
2022-01-29,Cheese,Dairy,Spring,medium,low,142.69046041510217,129.07,1,2022,29
2022-01-29,Butter,Dairy,Spring,medium,none,109.28674177281312,105.97,1,2022,29
2022-01-29,Yogurt,Dairy,Spring,low,none,188.5966673340273,164.99,1,2022,29
2022-01-29,Cream,Dairy,Spring,low,none,118.63493898465572,96.21,1,2022,29
2022-01-29,Chicken,Meat,Spring,high,high,123.66642354645523,126.48,1,2022,29
2022-01-29,Beef,Meat,Spring,high,low,65.00296085889883,81.27,1,2022,29
2022-01-29,Pork,Meat,Spring,high,none,62.94743476226123,85.76,1,2022,29
2022-01-29,Fish,Meat,Spring,medium,none,62.8825074327163,63.31,1,2022,29
2022-01-29,Lamb,Meat,Spring,low,low,109.38101432295399,79.77,1,2022,29
2022-02-05,Tomatoes,Vegetables,Summer,low,none,37.99727968913541,29.26,2,2022,36
2022-02-05,Potatoes,Vegetables,Summer,medium,medium,83.88293428328971,74.07,2,2022,36
2022-02-05,Onions,Vegetables,Summer,high,high,123.2188198621915,121.28,2,2022,36
2022-02-05,Carrots,Vegetables,Summer,low,high,72.77793890565161,46.08,2,2022,36
2022-02-05,Spinach,Vegetables,Summer,high,high,155.4274152987824,163.53,2,2022,36
2022-02-05,Apples,Fruits,Summer,medium,low,36.417098548764265,28.38,2,2022,36
2022-02-05,Bananas,Fruits,Summer,low,medium,118.9151988182724,83.03,2,2022,36
2022-02-05,Oranges,Fruits,Summer,medium,medium,83.16470225937417,62.55,2,2022,36
2022-02-05,Mangoes,Fruits,Summer,low,none,157.071913709145,120.75,2,2022,36
2022-02-05,Grapes,Fruits,Summer,medium,none,96.6964655084494,92.63,2,2022,36
2022-02-05,Rice,Grains,Summer,low,none,147.12360088816934,97.13,2,2022,36
2022-02-05,Wheat,Grains,Summer,low,none,197.5951241302116,153.09,2,2022,36
2022-02-05,Corn,Grains,Summer,high,none,62.603334862774176,74.59,2,2022,36
2022-02-05,Barley,Grains,Summer,high,medium,83.03928440605644,92.29,2,2022,36
2022-02-05,Oats,Grains,Summer,high,low,120.51276495244491,144.84,2,2022,36
2022-02-05,Milk,Dairy,Summer,high,none,40.01554681510724,42.24,2,2022,36
2022-02-05,Cheese,Dairy,Summer,medium,high,104.35891555894273,73.75,2,2022,36
2022-02-05,Butter,Dairy,Summer,low,medium,41.154724419878875,27.98,2,2022,36
2022-02-05,Yogurt,Dairy,Summer,medium,none,125.00637771748873,109.69,2,2022,36
2022-02-05,Cream,Dairy,Summer,low,low,71.42817553073493,48.23,2,2022,36
2022-02-05,Chicken,Meat,Summer,low,high,164.37966482481212,101.73,2,2022,36
2022-02-05,Beef,Meat,Summer,medium,none,78.08354988996507,77.2,2,2022,36
2022-02-05,Pork,Meat,Summer,high,medium,33.283381652371794,38.34,2,2022,36
2022-02-05,Fish,Meat,Summer,low,none,114.15761195062679,85.41,2,2022,36
2022-02-05,Lamb,Meat,Summer,low,low,101.81739165819918,70.82,2,2022,36
2022-02-12,Tomatoes,Vegetables,Summer,low,medium,182.20844188837802,112.9,2,2022,43
2022-02-12,Potatoes,Vegetables,Summer,medium,high,191.07406713378057,134.68,2,2022,43
2022-02-12,Onions,Vegetables,Summer,medium,high,80.41881166345337,63.33,2,2022,43
2022-02-12,Carrots,Vegetables,Summer,medium,high,89.88830911817699,62.96,2,2022,43
2022-02-12,Spinach,Vegetables,Summer,high,low,195.39106537990997,196.86,2,2022,43
2022-02-12,Apples,Fruits,Summer,low,high,70.35743129041023,43.94,2,2022,43
2022-02-12,Bananas,Fruits,Summer,low,low,68.77237565272338,43.05,2,2022,43
2022-02-12,Oranges,Fruits,Summer,high,high,189.29572888436903,191.31,2,2022,43
2022-02-12,Mangoes,Fruits,Summer,medium,high,185.4517793304007,152.56,2,2022,43
2022-02-12,Grapes,Fruits,Summer,low,medium,119.2858170579326,75.93,2,2022,43
2022-02-12,Rice,Grains,Summer,medium,high,159.9684110723406,134.25,2,2022,43
2022-02-12,Wheat,Grains,Summer,medium,medium,87.81301458882933,69.61,2,2022,43
2022-02-12,Corn,Grains,Summer,low,none,169.2495597271726,111.22,2,2022,43
2022-02-12,Barley,Grains,Summer,high,none,26.62793617447845,28.12,2,2022,43
2022-02-12,Oats,Grains,Summer,low,none,33.56463086344321,26.58,2,2022,43
2022-02-12,Milk,Dairy,Summer,low,medium,199.39463067330297,136.16,2,2022,43
2022-02-12,Cheese,Dairy,Summer,medium,medium,190.05783137883705,146.17,2,2022,43
2022-02-12,Butter,Dairy,Summer,medium,none,101.09794435581684,99.25,2,2022,43
2022-02-12,Yogurt,Dairy,Summer,medium,none,129.1114342011584,120.19,2,2022,43
2022-02-12,Cream,Dairy,Summer,high,high,131.26308328242123,118.07,2,2022,43
2022-02-12,Chicken,Meat,Summer,medium,low,109.66973359626073,99.98,2,2022,43
2022-02-12,Beef,Meat,Summer,low,low,75.3999031587889,56.4,2,2022,43
2022-02-12,Pork,Meat,Summer,high,none,35.913480205816384,42.77,2,2022,43
2022-02-12,Fish,Meat,Summer,high,medium,106.40827406332552,118.43,2,2022,43
2022-02-12,Lamb,Meat,Summer,high,medium,135.08504425536364,153.71,2,2022,43
2022-02-19,Tomatoes,Vegetables,Summer,medium,low,131.10746817751254,114.52,2,2022,50
2022-02-19,Potatoes,Vegetables,Summer,high,medium,134.59597789201086,130.14,2,2022,50
2022-02-19,Onions,Vegetables,Summer,low,low,150.75146587704108,102.1,2,2022,50
2022-02-19,Carrots,Vegetables,Summer,medium,medium,183.88483011258916,149.65,2,2022,50
2022-02-19,Spinach,Vegetables,Summer,low,high,145.5755368688234,88.37,2,2022,50
2022-02-19,Apples,Fruits,Summer,low,high,171.57645470336774,95.9,2,2022,50
2022-02-19,Bananas,Fruits,Summer,medium,none,28.25502795283393,24.65,2,2022,50
2022-02-19,Oranges,Fruits,Summer,high,high,57.64354239413255,55.51,2,2022,50
2022-02-19,Mangoes,Fruits,Summer,high,medium,116.7074150085326,124.98,2,2022,50
2022-02-19,Grapes,Fruits,Summer,low,medium,92.05408800385065,64.12,2,2022,50
2022-02-19,Rice,Grains,Summer,medium,none,112.74248987555795,95.22,2,2022,50
2022-02-19,Wheat,Grains,Summer,low,low,27.356350927966197,17.88,2,2022,50
2022-02-19,Corn,Grains,Summer,low,low,51.86188716981442,32.78,2,2022,50
2022-02-19,Barley,Grains,Summer,medium,low,102.94017824589064,85.62,2,2022,50
2022-02-19,Oats,Grains,Summer,low,medium,110.61510875387424,65.07,2,2022,50
2022-02-19,Milk,Dairy,Summer,low,low,163.8938718036277,102.73,2,2022,50
2022-02-19,Cheese,Dairy,Summer,high,high,177.2441523392199,160.8,2,2022,50
2022-02-19,Butter,Dairy,Summer,low,high,69.83797666649667,44.86,2,2022,50
2022-02-19,Yogurt,Dairy,Summer,high,medium,53.21378348414792,54.58,2,2022,50
2022-02-19,Cream,Dairy,Summer,medium,high,107.21413733438384,79.87,2,2022,50
2022-02-19,Chicken,Meat,Summer,low,low,103.25624890396662,64.08,2,2022,50
2022-02-19,Beef,Meat,Summer,high,medium,65.43864998192373,74.35,2,2022,50
2022-02-19,Pork,Meat,Summer,high,high,112.1019395808199,102.73,2,2022,50
2022-02-19,Fish,Meat,Summer,high,medium,100.53422602822184,100.41,2,2022,50
2022-02-19,Lamb,Meat,Summer,low,high,68.46378157088857,37.88,2,2022,50
2022-02-26,Tomatoes,Vegetables,Summer,high,low,77.97424980497209,83.68,2,2022,57
2022-02-26,Potatoes,Vegetables,Summer,low,none,41.557183727465215,30.48,2,2022,57
2022-02-26,Onions,Vegetables,Summer,high,none,142.23841744600813,166.37,2,2022,57
2022-02-26,Carrots,Vegetables,Summer,high,low,35.64565185573626,40.31,2,2022,57
2022-02-26,Spinach,Vegetables,Summer,low,high,154.1791053531794,87.33,2,2022,57
2022-02-26,Apples,Fruits,Summer,medium,high,71.07966304377041,55.96,2,2022,57
2022-02-26,Bananas,Fruits,Summer,high,none,122.74009484040414,138.73,2,2022,57
2022-02-26,Oranges,Fruits,Summer,low,low,188.06452827677742,121.57,2,2022,57
2022-02-26,Mangoes,Fruits,Summer,medium,medium,85.76422754133037,63.74,2,2022,57
2022-02-26,Grapes,Fruits,Summer,high,none,165.05567961340583,176.9,2,2022,57
2022-02-26,Rice,Grains,Summer,low,high,114.41205012264584,76.98,2,2022,57
2022-02-26,Wheat,Grains,Summer,high,high,181.38984733532374,162.54,2,2022,57
2022-02-26,Corn,Grains,Summer,medium,high,195.51208933012566,156.23,2,2022,57
2022-02-26,Barley,Grains,Summer,medium,medium,167.75506516760345,136.83,2,2022,57
2022-02-26,Oats,Grains,Summer,low,high,105.79150714275416,60.93,2,2022,57
2022-02-26,Milk,Dairy,Summer,high,high,194.23893197076217,193.46,2,2022,57
2022-02-26,Cheese,Dairy,Summer,high,none,63.633751834714445,76.1,2,2022,57
2022-02-26,Butter,Dairy,Summer,low,low,71.95349958324604,45.81,2,2022,57
2022-02-26,Yogurt,Dairy,Summer,high,medium,106.60521833386714,102.19,2,2022,57
2022-02-26,Cream,Dairy,Summer,medium,none,80.58877007490571,66.2,2,2022,57
2022-02-26,Chicken,Meat,Summer,low,high,198.19284183019013,128.81,2,2022,57
2022-02-26,Beef,Meat,Summer,low,none,65.83531785747749,49.87,2,2022,57
2022-02-26,Pork,Meat,Summer,medium,medium,127.21497330941197,109.11,2,2022,57
2022-02-26,Fish,Meat,Summer,low,low,39.20586502041849,28.14,2,2022,57
2022-02-26,Lamb,Meat,Summer,low,high,93.53329272846504,62.86,2,2022,57
2022-03-05,Tomatoes,Vegetables,Monsoon,high,medium,56.900325809582704,57.8,3,2022,64
2022-03-05,Potatoes,Vegetables,Monsoon,low,high,149.88737913522988,86.89,3,2022,64
2022-03-05,Onions,Vegetables,Monsoon,medium,medium,155.09034645775643,104.17,3,2022,64
2022-03-05,Carrots,Vegetables,Monsoon,high,low,166.6234496416488,165.38,3,2022,64
2022-03-05,Spinach,Vegetables,Monsoon,low,low,84.58948714223045,50.32,3,2022,64
2022-03-05,Apples,Fruits,Monsoon,high,high,166.98789910488387,143.98,3,2022,64
2022-03-05,Bananas,Fruits,Monsoon,medium,none,103.28236142052916,86.72,3,2022,64
2022-03-05,Oranges,Fruits,Monsoon,low,none,110.48967021664625,76.36,3,2022,64
2022-03-05,Mangoes,Fruits,Monsoon,medium,none,89.10041984717806,77.08,3,2022,64
2022-03-05,Grapes,Fruits,Monsoon,high,low,132.36283926451858,142.28,3,2022,64
2022-03-05,Rice,Grains,Monsoon,medium,high,132.9874495528552,84.4,3,2022,64
2022-03-05,Wheat,Grains,Monsoon,low,high,178.15324076721888,101.6,3,2022,64
2022-03-05,Corn,Grains,Monsoon,low,low,123.16715286632996,78.67,3,2022,64
2022-03-05,Barley,Grains,Monsoon,high,medium,147.25648302382263,127.99,3,2022,64
2022-03-05,Oats,Grains,Monsoon,medium,low,56.81802677050339,43.13,3,2022,64
2022-03-05,Milk,Dairy,Monsoon,medium,low,155.834352534821,119.3,3,2022,64
2022-03-05,Cheese,Dairy,Monsoon,low,high,88.18788180024482,48.97,3,2022,64
2022-03-05,Butter,Dairy,Monsoon,low,none,110.41190254325542,66.84,3,2022,64
2022-03-05,Yogurt,Dairy,Monsoon,medium,medium,150.00546231075194,111.05,3,2022,64
2022-03-05,Cream,Dairy,Monsoon,medium,medium,144.910720004078,106.4,3,2022,64
2022-03-05,Chicken,Meat,Monsoon,medium,low,168.8237890056341,124.27,3,2022,64
2022-03-05,Beef,Meat,Monsoon,high,medium,60.923176945397664,54.61,3,2022,64
2022-03-05,Pork,Meat,Monsoon,medium,none,130.69104736747778,97.01,3,2022,64
2022-03-05,Fish,Meat,Monsoon,low,medium,38.14302854285957,22.96,3,2022,64
2022-03-05,Lamb,Meat,Monsoon,low,high,126.73332294658788,62.37,3,2022,64
2022-03-12,Tomatoes,Vegetables,Monsoon,low,high,137.2460979778843,72.79,3,2022,71
2022-03-12,Potatoes,Vegetables,Monsoon,high,none,32.40587708609938,31.03,3,2022,71
2022-03-12,Onions,Vegetables,Monsoon,high,medium,171.2791337564761,148.22,3,2022,71
2022-03-12,Carrots,Vegetables,Monsoon,medium,low,62.463086227114616,44.49,3,2022,71
2022-03-12,Spinach,Vegetables,Monsoon,low,medium,170.74834202044858,94.64,3,2022,71
2022-03-12,Apples,Fruits,Monsoon,high,none,60.93121175788027,61.84,3,2022,71
2022-03-12,Bananas,Fruits,Monsoon,medium,high,153.964937331792,110.72,3,2022,71
2022-03-12,Oranges,Fruits,Monsoon,high,medium,128.66987571142502,118.38,3,2022,71
2022-03-12,Mangoes,Fruits,Monsoon,medium,low,175.43326531033225,132.41,3,2022,71
2022-03-12,Grapes,Fruits,Monsoon,high,none,106.55065605603323,112.74,3,2022,71
2022-03-12,Rice,Grains,Monsoon,high,medium,25.912400643818902,23.03,3,2022,71
2022-03-12,Wheat,Grains,Monsoon,medium,none,123.9737517364785,107.41,3,2022,71
2022-03-12,Corn,Grains,Monsoon,high,medium,85.23090184099397,81.89,3,2022,71
2022-03-12,Barley,Grains,Monsoon,low,none,22.357002185900054,13.39,3,2022,71
2022-03-12,Oats,Grains,Monsoon,low,high,192.99265714450192,103.2,3,2022,71
2022-03-12,Milk,Dairy,Monsoon,low,high,35.362940254155895,19.25,3,2022,71
2022-03-12,Cheese,Dairy,Monsoon,low,low,127.16930311760788,81.18,3,2022,71
2022-03-12,Butter,Dairy,Monsoon,high,low,57.783006757205435,53.72,3,2022,71
2022-03-12,Yogurt,Dairy,Monsoon,low,none,54.32378971945998,34.57,3,2022,71
2022-03-12,Cream,Dairy,Monsoon,medium,none,121.67140398727096,102.7,3,2022,71
2022-03-12,Chicken,Meat,Monsoon,medium,low,101.59199025464497,76.3,3,2022,71
2022-03-12,Beef,Meat,Monsoon,medium,medium,92.13735095755868,61.76,3,2022,71
2022-03-12,Pork,Meat,Monsoon,low,medium,52.7470634891488,33.09,3,2022,71
2022-03-12,Fish,Meat,Monsoon,medium,medium,87.19567693035553,64.59,3,2022,71
2022-03-12,Lamb,Meat,Monsoon,high,medium,93.57215079765736,81.56,3,2022,71
2022-03-19,Tomatoes,Vegetables,Monsoon,low,high,148.87500119253156,73.33,3,2022,78
2022-03-19,Potatoes,Vegetables,Monsoon,high,medium,59.9549891479309,56.18,3,2022,78
2022-03-19,Onions,Vegetables,Monsoon,low,medium,127.10881634607571,74.23,3,2022,78
2022-03-19,Carrots,Vegetables,Monsoon,high,high,179.74288685243053,146.16,3,2022,78
2022-03-19,Spinach,Vegetables,Monsoon,medium,high,63.77099437990174,46.45,3,2022,78
2022-03-19,Apples,Fruits,Monsoon,low,low,169.4395756220585,96.94,3,2022,78
2022-03-19,Bananas,Fruits,Monsoon,medium,medium,72.76659144698239,53.79,3,2022,78
2022-03-19,Oranges,Fruits,Monsoon,low,medium,152.46283037528042,81.19,3,2022,78
2022-03-19,Mangoes,Fruits,Monsoon,low,high,177.7599336575529,100.65,3,2022,78
2022-03-19,Grapes,Fruits,Monsoon,low,high,183.9123206372547,96.76,3,2022,78
2022-03-19,Rice,Grains,Monsoon,high,medium,168.51931965607875,143.04,3,2022,78
2022-03-19,Wheat,Grains,Monsoon,low,low,169.51781118174495,108.71,3,2022,78
2022-03-19,Corn,Grains,Monsoon,low,high,85.29642103987018,43.8,3,2022,78
2022-03-19,Barley,Grains,Monsoon,low,low,195.4185077357966,120.38,3,2022,78
2022-03-19,Oats,Grains,Monsoon,high,high,197.36611620351223,163.38,3,2022,78
2022-03-19,Milk,Dairy,Monsoon,low,low,107.26010608706231,68.37,3,2022,78
2022-03-19,Cheese,Dairy,Monsoon,low,medium,145.7922535689628,79.24,3,2022,78
2022-03-19,Butter,Dairy,Monsoon,medium,high,136.1097501984793,85.75,3,2022,78
2022-03-19,Yogurt,Dairy,Monsoon,medium,medium,182.1030142225494,135.92,3,2022,78
2022-03-19,Cream,Dairy,Monsoon,low,low,168.0650976641013,103.75,3,2022,78
2022-03-19,Chicken,Meat,Monsoon,low,none,69.32993972369708,45.71,3,2022,78
2022-03-19,Beef,Meat,Monsoon,high,none,169.35352466729628,158.9,3,2022,78
2022-03-19,Pork,Meat,Monsoon,low,medium,44.63941341238531,27.64,3,2022,78
2022-03-19,Fish,Meat,Monsoon,low,none,127.5343583906555,81.53,3,2022,78
2022-03-19,Lamb,Meat,Monsoon,low,low,123.19298807229212,73.47,3,2022,78
2022-03-26,Tomatoes,Vegetables,Monsoon,medium,high,158.7640478715687,104.8,3,2022,85
2022-03-26,Potatoes,Vegetables,Monsoon,low,medium,192.5528919163797,101.82,3,2022,85
2022-03-26,Onions,Vegetables,Monsoon,low,none,158.77746659638612,108.47,3,2022,85
2022-03-26,Carrots,Vegetables,Monsoon,low,medium,98.69481134430383,54.54,3,2022,85
2022-03-26,Spinach,Vegetables,Monsoon,medium,medium,121.95283525344149,90.68,3,2022,85
2022-03-26,Apples,Fruits,Monsoon,low,high,188.62935307845643,96.76,3,2022,85
2022-03-26,Bananas,Fruits,Monsoon,high,medium,25.61296431103124,25.61,3,2022,85
2022-03-26,Oranges,Fruits,Monsoon,high,none,172.3534128766203,166.87,3,2022,85
2022-03-26,Mangoes,Fruits,Monsoon,medium,none,132.19985916289835,102.47,3,2022,85
2022-03-26,Grapes,Fruits,Monsoon,low,none,83.27722900415938,55.48,3,2022,85
2022-03-26,Rice,Grains,Monsoon,low,medium,127.69149048826783,67.31,3,2022,85
2022-03-26,Wheat,Grains,Monsoon,high,low,33.99776193421228,30.27,3,2022,85
2022-03-26,Corn,Grains,Monsoon,low,high,38.55687428247408,22.26,3,2022,85
2022-03-26,Barley,Grains,Monsoon,low,low,193.17778143754117,121.93,3,2022,85
2022-03-26,Oats,Grains,Monsoon,medium,high,113.83412013444249,83.18,3,2022,85
2022-03-26,Milk,Dairy,Monsoon,low,none,151.800479553721,100.24,3,2022,85
2022-03-26,Cheese,Dairy,Monsoon,medium,high,144.60978161321344,93.41,3,2022,85
2022-03-26,Butter,Dairy,Monsoon,high,medium,108.09649345576528,111.05,3,2022,85
2022-03-26,Yogurt,Dairy,Monsoon,high,high,189.9306811435904,174.8,3,2022,85
2022-03-26,Cream,Dairy,Monsoon,high,low,186.54469713481984,186.81,3,2022,85
2022-03-26,Chicken,Meat,Monsoon,medium,medium,184.78789356584753,138.3,3,2022,85
2022-03-26,Beef,Meat,Monsoon,medium,medium,73.52282132705915,57.64,3,2022,85
2022-03-26,Pork,Meat,Monsoon,medium,high,105.35855899834348,76.58,3,2022,85
2022-03-26,Fish,Meat,Monsoon,medium,medium,77.43808518378601,50.59,3,2022,85
2022-03-26,Lamb,Meat,Monsoon,high,high,127.32857812676954,104.02,3,2022,85
2022-04-02,Tomatoes,Vegetables,Autumn,low,medium,33.85157629325765,25.95,4,2022,92
2022-04-02,Potatoes,Vegetables,Autumn,high,medium,150.45801887517706,205.41,4,2022,92
2022-04-02,Onions,Vegetables,Autumn,medium,none,116.91226826854177,134.72,4,2022,92
2022-04-02,Carrots,Vegetables,Autumn,low,low,113.63025977817173,102.15,4,2022,92
2022-04-02,Spinach,Vegetables,Autumn,high,low,95.15109512502059,141.94,4,2022,92
2022-04-02,Apples,Fruits,Autumn,low,none,20.042754243659225,17.23,4,2022,92
2022-04-02,Bananas,Fruits,Autumn,high,medium,187.8661836965455,218.06,4,2022,92
2022-04-02,Oranges,Fruits,Autumn,low,none,29.483090475901147,23.55,4,2022,92
2022-04-02,Mangoes,Fruits,Autumn,high,none,106.36063883417086,160.26,4,2022,92
2022-04-02,Grapes,Fruits,Autumn,high,high,95.19802079012008,121.21,4,2022,92
2022-04-02,Rice,Grains,Autumn,high,none,62.97988623829442,87.44,4,2022,92
2022-04-02,Wheat,Grains,Autumn,medium,low,71.70301849773472,76.27,4,2022,92
2022-04-02,Corn,Grains,Autumn,low,low,69.90781622541925,53.13,4,2022,92
2022-04-02,Barley,Grains,Autumn,low,high,39.70416776224073,27.47,4,2022,92
2022-04-02,Oats,Grains,Autumn,low,none,192.1548255606965,160.95,4,2022,92
2022-04-02,Milk,Dairy,Autumn,high,high,125.93976121518416,164.84,4,2022,92
2022-04-02,Cheese,Dairy,Autumn,medium,none,128.14372035959565,154.75,4,2022,92
2022-04-02,Butter,Dairy,Autumn,high,high,153.80350812085234,203.5,4,2022,92
2022-04-02,Yogurt,Dairy,Autumn,low,medium,136.93639681862632,108.73,4,2022,92
2022-04-02,Cream,Dairy,Autumn,medium,none,61.520566109196565,63.89,4,2022,92
2022-04-02,Chicken,Meat,Autumn,high,high,53.558887185965816,63.15,4,2022,92
2022-04-02,Beef,Meat,Autumn,high,medium,30.411681781411346,42.14,4,2022,92
2022-04-02,Pork,Meat,Autumn,medium,none,186.99541097513833,192.28,4,2022,92
2022-04-02,Fish,Meat,Autumn,medium,low,91.32356340247857,99.17,4,2022,92
2022-04-02,Lamb,Meat,Autumn,high,low,47.70126314117391,66.4,4,2022,92
2022-04-09,Tomatoes,Vegetables,Autumn,low,none,154.61688873660114,146.81,4,2022,99
2022-04-09,Potatoes,Vegetables,Autumn,high,none,174.82282695522628,244.56,4,2022,99
2022-04-09,Onions,Vegetables,Autumn,low,none,69.13268747413669,55.29,4,2022,99
2022-04-09,Carrots,Vegetables,Autumn,medium,none,173.3948360024614,184.21,4,2022,99
2022-04-09,Spinach,Vegetables,Autumn,high,medium,187.6861078974182,230.99,4,2022,99
2022-04-09,Apples,Fruits,Autumn,medium,high,65.47683691295931,63.62,4,2022,99
2022-04-09,Bananas,Fruits,Autumn,medium,low,28.781044701171155,32.86,4,2022,99
2022-04-09,Oranges,Fruits,Autumn,low,none,39.7043948098017,37.39,4,2022,99
2022-04-09,Mangoes,Fruits,Autumn,medium,none,109.12637486251538,129.8,4,2022,99
2022-04-09,Grapes,Fruits,Autumn,medium,high,122.83740954552334,116.36,4,2022,99
2022-04-09,Rice,Grains,Autumn,medium,high,68.06508863049584,67.43,4,2022,99
2022-04-09,Wheat,Grains,Autumn,low,medium,138.52133023851658,117.77,4,2022,99
2022-04-09,Corn,Grains,Autumn,high,none,147.50533580870626,219.26,4,2022,99
2022-04-09,Barley,Grains,Autumn,high,medium,142.42533891685406,192.57,4,2022,99
2022-04-09,Oats,Grains,Autumn,high,none,48.54891895275327,74.59,4,2022,99
2022-04-09,Milk,Dairy,Autumn,high,low,25.264510946220646,31.77,4,2022,99
2022-04-09,Cheese,Dairy,Autumn,medium,medium,80.32139376664554,74.12,4,2022,99
2022-04-09,Butter,Dairy,Autumn,medium,none,167.2340643414312,184.23,4,2022,99
2022-04-09,Yogurt,Dairy,Autumn,low,low,21.149456909030043,17.07,4,2022,99
2022-04-09,Cream,Dairy,Autumn,high,low,120.7719762155893,168.47,4,2022,99
2022-04-09,Chicken,Meat,Autumn,high,high,117.19736834885398,131.26,4,2022,99
2022-04-09,Beef,Meat,Autumn,medium,none,156.98502245036505,188.67,4,2022,99
2022-04-09,Pork,Meat,Autumn,high,low,81.5369898869635,116.39,4,2022,99
2022-04-09,Fish,Meat,Autumn,medium,high,161.98525673673396,145.43,4,2022,99
2022-04-09,Lamb,Meat,Autumn,medium,none,147.47097595615068,164.88,4,2022,99
2022-04-16,Tomatoes,Vegetables,Autumn,medium,high,82.25895025153221,69.92,4,2022,106
2022-04-16,Potatoes,Vegetables,Autumn,high,none,176.87662510742774,250.2,4,2022,106
2022-04-16,Onions,Vegetables,Autumn,low,high,136.56325581234336,92.44,4,2022,106
2022-04-16,Carrots,Vegetables,Autumn,medium,medium,23.982239275219506,23.69,4,2022,106
2022-04-16,Spinach,Vegetables,Autumn,medium,medium,158.67333520540276,155.39,4,2022,106
2022-04-16,Apples,Fruits,Autumn,low,high,69.25279993069987,51.04,4,2022,106
2022-04-16,Bananas,Fruits,Autumn,high,medium,101.24966437934158,137.99,4,2022,106
2022-04-16,Oranges,Fruits,Autumn,medium,medium,144.86280064066796,148.59,4,2022,106
2022-04-16,Mangoes,Fruits,Autumn,high,medium,137.81201857060432,193.36,4,2022,106
2022-04-16,Grapes,Fruits,Autumn,low,none,47.19042052056204,44.93,4,2022,106
2022-04-16,Rice,Grains,Autumn,medium,medium,174.32481657664977,164.79,4,2022,106
2022-04-16,Wheat,Grains,Autumn,low,low,197.11597663276908,177.78,4,2022,106
2022-04-16,Corn,Grains,Autumn,low,medium,61.391829060395516,44.06,4,2022,106
2022-04-16,Barley,Grains,Autumn,medium,medium,137.3000285676593,135.15,4,2022,106
2022-04-16,Oats,Grains,Autumn,medium,none,117.78190504219246,139.11,4,2022,106
2022-04-16,Milk,Dairy,Autumn,high,medium,159.78743350251352,219.83,4,2022,106
2022-04-16,Cheese,Dairy,Autumn,high,none,156.9843183697398,207.93,4,2022,106
2022-04-16,Butter,Dairy,Autumn,medium,medium,25.854712308425345,23.99,4,2022,106
2022-04-16,Yogurt,Dairy,Autumn,medium,low,103.17751233781891,109.94,4,2022,106
2022-04-16,Cream,Dairy,Autumn,low,low,129.3151606872808,102.17,4,2022,106
2022-04-16,Chicken,Meat,Autumn,medium,low,48.94858443407421,49.37,4,2022,106
2022-04-16,Beef,Meat,Autumn,high,high,126.24750899941205,152.08,4,2022,106
2022-04-16,Pork,Meat,Autumn,medium,low,22.091697183458116,22.59,4,2022,106
2022-04-16,Fish,Meat,Autumn,high,low,106.38899024908223,138.51,4,2022,106
2022-04-16,Lamb,Meat,Autumn,low,high,145.09673950277767,114.61,4,2022,106
2022-04-23,Tomatoes,Vegetables,Autumn,medium,medium,27.131388562704288,24.74,4,2022,113
2022-04-23,Potatoes,Vegetables,Autumn,low,low,63.56810285525494,49.34,4,2022,113
2022-04-23,Onions,Vegetables,Autumn,medium,high,109.79986762124409,106.82,4,2022,113
2022-04-23,Carrots,Vegetables,Autumn,medium,high,120.73676302764454,103.23,4,2022,113
2022-04-23,Spinach,Vegetables,Autumn,low,none,116.16359707576012,93.69,4,2022,113
2022-04-23,Apples,Fruits,Autumn,medium,low,168.41252844143008,169.73,4,2022,113
2022-04-23,Bananas,Fruits,Autumn,medium,low,195.94394953666145,212.67,4,2022,113
2022-04-23,Oranges,Fruits,Autumn,medium,medium,167.85933104177596,171.84,4,2022,113
2022-04-23,Mangoes,Fruits,Autumn,low,medium,191.27899538395886,163.5,4,2022,113
2022-04-23,Grapes,Fruits,Autumn,low,medium,127.0597947278485,102.9,4,2022,113
2022-04-23,Rice,Grains,Autumn,medium,high,73.79045954071648,73.16,4,2022,113
2022-04-23,Wheat,Grains,Autumn,high,medium,81.1010346577051,95.61,4,2022,113
2022-04-23,Corn,Grains,Autumn,medium,low,181.06699809089497,199.96,4,2022,113
2022-04-23,Barley,Grains,Autumn,high,none,106.56268966081727,142.14,4,2022,113
2022-04-23,Oats,Grains,Autumn,medium,low,98.9492989681169,105.33,4,2022,113
2022-04-23,Milk,Dairy,Autumn,low,none,137.0529534572217,123.4,4,2022,113
2022-04-23,Cheese,Dairy,Autumn,medium,high,79.2231388066392,77.69,4,2022,113
2022-04-23,Butter,Dairy,Autumn,low,medium,176.9299002151618,127.34,4,2022,113
2022-04-23,Yogurt,Dairy,Autumn,medium,low,49.101057946424476,52.88,4,2022,113
2022-04-23,Cream,Dairy,Autumn,low,medium,79.8166325639196,65.12,4,2022,113
2022-04-23,Chicken,Meat,Autumn,high,none,55.917641167246124,73.12,4,2022,113
2022-04-23,Beef,Meat,Autumn,low,medium,25.517450397045092,20.06,4,2022,113
2022-04-23,Pork,Meat,Autumn,high,low,176.2890509735085,251.11,4,2022,113
2022-04-23,Fish,Meat,Autumn,medium,high,96.58880020065357,90.4,4,2022,113
2022-04-23,Lamb,Meat,Autumn,high,high,117.79409420539191,145.7,4,2022,113
2022-04-30,Tomatoes,Vegetables,Autumn,medium,high,25.291000236171314,24.15,4,2022,120
2022-04-30,Potatoes,Vegetables,Autumn,medium,medium,127.59024174605558,120.68,4,2022,120
2022-04-30,Onions,Vegetables,Autumn,medium,none,126.6230591468052,131.23,4,2022,120
2022-04-30,Carrots,Vegetables,Autumn,low,medium,132.1339850414269,99.12,4,2022,120
2022-04-30,Spinach,Vegetables,Autumn,medium,medium,159.6800372663773,162.27,4,2022,120
2022-04-30,Apples,Fruits,Autumn,medium,medium,87.1127546940082,84.74,4,2022,120
2022-04-30,Bananas,Fruits,Autumn,low,low,32.4439015135915,24.94,4,2022,120
2022-04-30,Oranges,Fruits,Autumn,medium,high,92.90374383445787,88.24,4,2022,120
2022-04-30,Mangoes,Fruits,Autumn,high,low,139.27183022149768,194.96,4,2022,120
2022-04-30,Grapes,Fruits,Autumn,medium,medium,76.18665020536048,77.79,4,2022,120
2022-04-30,Rice,Grains,Autumn,low,medium,78.53421156044507,61.62,4,2022,120
2022-04-30,Wheat,Grains,Autumn,high,low,62.48908340236351,79.28,4,2022,120
2022-04-30,Corn,Grains,Autumn,medium,high,113.55931074008318,113.16,4,2022,120
2022-04-30,Barley,Grains,Autumn,high,high,97.55975425912507,123.49,4,2022,120
2022-04-30,Oats,Grains,Autumn,low,medium,50.06754342217097,41.53,4,2022,120
2022-04-30,Milk,Dairy,Autumn,low,none,139.48481497192492,131.2,4,2022,120
2022-04-30,Cheese,Dairy,Autumn,high,medium,165.02062753100958,214.85,4,2022,120
2022-04-30,Butter,Dairy,Autumn,medium,low,117.18305111039825,111.61,4,2022,120
2022-04-30,Yogurt,Dairy,Autumn,medium,none,115.61051504018576,130.73,4,2022,120
2022-04-30,Cream,Dairy,Autumn,low,none,60.446211855082396,48.82,4,2022,120
2022-04-30,Chicken,Meat,Autumn,high,low,38.59561228232282,54.41,4,2022,120
2022-04-30,Beef,Meat,Autumn,medium,high,91.52821792359218,88.76,4,2022,120
2022-04-30,Pork,Meat,Autumn,low,low,23.128362233386333,21.16,4,2022,120
2022-04-30,Fish,Meat,Autumn,high,medium,124.42020134518425,159.77,4,2022,120
2022-04-30,Lamb,Meat,Autumn,high,high,140.03556635829878,157.71,4,2022,120
2022-05-07,Tomatoes,Vegetables,Winter,medium,low,45.837625167090714,54.69,5,2022,127
2022-05-07,Potatoes,Vegetables,Winter,low,none,49.22874103921776,49.44,5,2022,127
2022-05-07,Onions,Vegetables,Winter,medium,none,48.10949206259131,63.08,5,2022,127
2022-05-07,Carrots,Vegetables,Winter,low,medium,65.95517445111773,62.44,5,2022,127
2022-05-07,Spinach,Vegetables,Winter,medium,low,87.37341808516268,94.51,5,2022,127
2022-05-07,Apples,Fruits,Winter,high,high,169.557894441507,236.91,5,2022,127
2022-05-07,Bananas,Fruits,Winter,low,low,40.35976743378315,39.89,5,2022,127
2022-05-07,Oranges,Fruits,Winter,high,high,128.1097176583225,180.98,5,2022,127
2022-05-07,Mangoes,Fruits,Winter,low,low,140.0548730583633,123.86,5,2022,127
2022-05-07,Grapes,Fruits,Winter,medium,medium,48.67174014370492,57.58,5,2022,127
2022-05-07,Rice,Grains,Winter,low,none,93.24343293011671,82.18,5,2022,127
2022-05-07,Wheat,Grains,Winter,high,high,71.96340719551486,98.3,5,2022,127
2022-05-07,Corn,Grains,Winter,medium,medium,157.73435562004124,180.84,5,2022,127
2022-05-07,Barley,Grains,Winter,low,medium,157.21132425979084,134.08,5,2022,127
2022-05-07,Oats,Grains,Winter,medium,low,167.2101589115039,196.3,5,2022,127
2022-05-07,Milk,Dairy,Winter,low,high,79.1086210193146,65.97,5,2022,127
2022-05-07,Cheese,Dairy,Winter,high,high,121.41900692272259,162.56,5,2022,127
2022-05-07,Butter,Dairy,Winter,low,medium,127.36738549737589,104.04,5,2022,127
2022-05-07,Yogurt,Dairy,Winter,high,high,33.17526627831985,45.47,5,2022,127
2022-05-07,Cream,Dairy,Winter,medium,none,131.5082622817306,154.02,5,2022,127
2022-05-07,Chicken,Meat,Winter,medium,low,175.40005692292854,216.52,5,2022,127
2022-05-07,Beef,Meat,Winter,low,high,166.47793189752556,126.31,5,2022,127
2022-05-07,Pork,Meat,Winter,high,high,114.79228350841272,151.51,5,2022,127
2022-05-07,Fish,Meat,Winter,high,low,90.98575828730304,141.5,5,2022,127
2022-05-07,Lamb,Meat,Winter,high,none,148.7883632778694,247.08,5,2022,127
2022-05-14,Tomatoes,Vegetables,Winter,high,none,97.555176476846,164.3,5,2022,134
2022-05-14,Potatoes,Vegetables,Winter,high,medium,63.82681338373387,81.73,5,2022,134
2022-05-14,Onions,Vegetables,Winter,medium,medium,188.19848482499256,187.05,5,2022,134
2022-05-14,Carrots,Vegetables,Winter,low,high,107.45691665353861,90.67,5,2022,134
2022-05-14,Spinach,Vegetables,Winter,high,high,187.32905793595805,239.02,5,2022,134
2022-05-14,Apples,Fruits,Winter,medium,low,129.8600809959653,141.31,5,2022,134
2022-05-14,Bananas,Fruits,Winter,low,low,94.43883827456327,80.64,5,2022,134
2022-05-14,Oranges,Fruits,Winter,medium,medium,142.6012137136969,154.78,5,2022,134
2022-05-14,Mangoes,Fruits,Winter,low,low,147.6283271100379,126.16,5,2022,134
2022-05-14,Grapes,Fruits,Winter,medium,medium,185.19544805084792,212.64,5,2022,134
2022-05-14,Rice,Grains,Winter,low,low,87.23174294690978,73.39,5,2022,134
2022-05-14,Wheat,Grains,Winter,medium,low,20.46512267209683,23.4,5,2022,134
2022-05-14,Corn,Grains,Winter,medium,none,126.83694244216649,156.67,5,2022,134
2022-05-14,Barley,Grains,Winter,low,none,51.45921970892789,53.41,5,2022,134
2022-05-14,Oats,Grains,Winter,low,low,158.59004604530222,137.57,5,2022,134
2022-05-14,Milk,Dairy,Winter,high,high,74.37089033026311,97.11,5,2022,134
2022-05-14,Cheese,Dairy,Winter,medium,medium,140.15898187246466,155.12,5,2022,134
2022-05-14,Butter,Dairy,Winter,medium,none,101.31818217270124,113.51,5,2022,134
2022-05-14,Yogurt,Dairy,Winter,medium,none,152.63727408995277,172.79,5,2022,134
2022-05-14,Cream,Dairy,Winter,low,medium,37.22861999362911,30.43,5,2022,134
2022-05-14,Chicken,Meat,Winter,high,low,57.11350961331676,80.53,5,2022,134
2022-05-14,Beef,Meat,Winter,low,low,133.7627874836753,113.25,5,2022,134
2022-05-14,Pork,Meat,Winter,high,none,69.41724572002258,112.1,5,2022,134
2022-05-14,Fish,Meat,Winter,low,medium,99.68905402031488,90.0,5,2022,134
2022-05-14,Lamb,Meat,Winter,medium,medium,22.847796517804838,25.19,5,2022,134
2022-05-21,Tomatoes,Vegetables,Winter,high,none,80.70088389597566,115.3,5,2022,141
2022-05-21,Potatoes,Vegetables,Winter,low,high,35.4184849273575,27.12,5,2022,141
2022-05-21,Onions,Vegetables,Winter,high,low,78.20688118079374,112.54,5,2022,141
2022-05-21,Carrots,Vegetables,Winter,low,high,32.49629169429681,24.22,5,2022,141
2022-05-21,Spinach,Vegetables,Winter,high,high,164.0641714080251,219.29,5,2022,141
2022-05-21,Apples,Fruits,Winter,medium,medium,178.41423576106249,193.96,5,2022,141
2022-05-21,Bananas,Fruits,Winter,high,low,78.38007556076761,120.1,5,2022,141
2022-05-21,Oranges,Fruits,Winter,medium,low,198.94508501981016,229.42,5,2022,141
2022-05-21,Mangoes,Fruits,Winter,medium,high,151.5170918430643,140.95,5,2022,141
2022-05-21,Grapes,Fruits,Winter,low,none,121.21342685802377,119.51,5,2022,141
2022-05-21,Rice,Grains,Winter,high,high,155.8708075893526,202.94,5,2022,141
2022-05-21,Wheat,Grains,Winter,high,high,96.08404041131412,114.7,5,2022,141
2022-05-21,Corn,Grains,Winter,high,high,74.15355950358591,96.02,5,2022,141
2022-05-21,Barley,Grains,Winter,high,high,41.56922036317634,49.83,5,2022,141
2022-05-21,Oats,Grains,Winter,low,none,152.69244050130376,151.61,5,2022,141
2022-05-21,Milk,Dairy,Winter,medium,low,36.727245988290186,44.28,5,2022,141
2022-05-21,Cheese,Dairy,Winter,low,high,175.64351456603725,143.52,5,2022,141
2022-05-21,Butter,Dairy,Winter,low,low,48.674723711416455,41.0,5,2022,141
2022-05-21,Yogurt,Dairy,Winter,low,low,60.92431401729778,54.24,5,2022,141
2022-05-21,Cream,Dairy,Winter,low,none,82.33791834602064,79.2,5,2022,141
2022-05-21,Chicken,Meat,Winter,medium,medium,168.55149948192144,198.14,5,2022,141
2022-05-21,Beef,Meat,Winter,medium,medium,177.20059911029261,202.33,5,2022,141
2022-05-21,Pork,Meat,Winter,low,high,123.42572881719799,94.84,5,2022,141
2022-05-21,Fish,Meat,Winter,medium,low,187.50713863590494,227.33,5,2022,141
2022-05-21,Lamb,Meat,Winter,medium,low,88.51219282578441,105.37,5,2022,141
2022-05-28,Tomatoes,Vegetables,Winter,high,high,45.43004886959105,64.08,5,2022,148
2022-05-28,Potatoes,Vegetables,Winter,high,low,78.05503601235473,107.67,5,2022,148
2022-05-28,Onions,Vegetables,Winter,medium,high,60.250598209336026,62.35,5,2022,148
2022-05-28,Carrots,Vegetables,Winter,medium,none,187.89153328572587,224.54,5,2022,148
2022-05-28,Spinach,Vegetables,Winter,high,low,76.47098441493729,105.15,5,2022,148
2022-05-28,Apples,Fruits,Winter,medium,none,181.68709291268706,210.07,5,2022,148
2022-05-28,Bananas,Fruits,Winter,medium,none,191.50355496823298,237.45,5,2022,148
2022-05-28,Oranges,Fruits,Winter,low,low,41.91714400254946,38.28,5,2022,148
2022-05-28,Mangoes,Fruits,Winter,low,high,61.859244505768416,53.27,5,2022,148
2022-05-28,Grapes,Fruits,Winter,low,medium,41.9663093823911,36.3,5,2022,148
2022-05-28,Rice,Grains,Winter,high,low,99.11210395392382,132.21,5,2022,148
2022-05-28,Wheat,Grains,Winter,medium,high,23.1838057303863,23.01,5,2022,148
2022-05-28,Corn,Grains,Winter,low,medium,89.56295140864648,72.61,5,2022,148
2022-05-28,Barley,Grains,Winter,medium,medium,58.1159631197861,65.96,5,2022,148
2022-05-28,Oats,Grains,Winter,high,none,131.50959525336577,202.3,5,2022,148
2022-05-28,Milk,Dairy,Winter,low,none,50.719656538999715,51.44,5,2022,148
2022-05-28,Cheese,Dairy,Winter,high,high,67.76973365387502,93.31,5,2022,148
2022-05-28,Butter,Dairy,Winter,high,high,131.2493013716935,184.97,5,2022,148
2022-05-28,Yogurt,Dairy,Winter,low,high,130.73949888158197,110.01,5,2022,148
2022-05-28,Cream,Dairy,Winter,medium,medium,172.64285934489226,197.35,5,2022,148
2022-05-28,Chicken,Meat,Winter,low,medium,92.86371723533597,78.11,5,2022,148
2022-05-28,Beef,Meat,Winter,medium,medium,94.54335545520686,106.88,5,2022,148
2022-05-28,Pork,Meat,Winter,medium,medium,158.47488085544117,168.28,5,2022,148
2022-05-28,Fish,Meat,Winter,medium,low,106.64194729435825,115.73,5,2022,148
2022-05-28,Lamb,Meat,Winter,medium,high,156.8521681619843,161.12,5,2022,148
2022-06-04,Tomatoes,Vegetables,Spring,low,low,58.73633696310275,42.33,6,2022,155
2022-06-04,Potatoes,Vegetables,Spring,medium,none,195.6572758838097,213.64,6,2022,155
2022-06-04,Onions,Vegetables,Spring,high,none,107.81372790674524,141.5,6,2022,155
2022-06-04,Carrots,Vegetables,Spring,high,none,101.78792022079296,132.01,6,2022,155
2022-06-04,Spinach,Vegetables,Spring,medium,high,47.00875964491716,42.44,6,2022,155
2022-06-04,Apples,Fruits,Spring,low,low,130.5346360132525,97.07,6,2022,155
2022-06-04,Bananas,Fruits,Spring,low,none,192.1199943168107,141.47,6,2022,155
2022-06-04,Oranges,Fruits,Spring,low,none,138.56458631733983,117.7,6,2022,155
2022-06-04,Mangoes,Fruits,Spring,low,low,33.75503469884926,27.86,6,2022,155
2022-06-04,Grapes,Fruits,Spring,low,high,65.55051790414122,45.8,6,2022,155
2022-06-04,Rice,Grains,Spring,high,low,138.68370599704087,175.96,6,2022,155
2022-06-04,Wheat,Grains,Spring,high,high,130.5080452568111,155.24,6,2022,155
2022-06-04,Corn,Grains,Spring,low,medium,39.02482638312934,29.11,6,2022,155
2022-06-04,Barley,Grains,Spring,low,medium,27.50112210842917,20.66,6,2022,155
2022-06-04,Oats,Grains,Spring,high,high,32.97518047976121,33.05,6,2022,155
2022-06-04,Milk,Dairy,Spring,medium,medium,111.54427210056413,96.3,6,2022,155
2022-06-04,Cheese,Dairy,Spring,high,medium,82.94658135425291,100.18,6,2022,155
2022-06-04,Butter,Dairy,Spring,high,low,53.335202216144225,60.58,6,2022,155
2022-06-04,Yogurt,Dairy,Spring,medium,low,138.85448954624087,120.9,6,2022,155
2022-06-04,Cream,Dairy,Spring,low,medium,112.63836558323209,85.68,6,2022,155
2022-06-04,Chicken,Meat,Spring,low,low,61.01163515775979,47.92,6,2022,155
2022-06-04,Beef,Meat,Spring,medium,high,21.876985891532552,19.62,6,2022,155
2022-06-04,Pork,Meat,Spring,medium,medium,135.90276563740352,111.11,6,2022,155
2022-06-04,Fish,Meat,Spring,low,high,194.3279799669891,126.67,6,2022,155
2022-06-04,Lamb,Meat,Spring,medium,none,196.3946592845931,199.63,6,2022,155
2022-06-11,Tomatoes,Vegetables,Spring,medium,medium,154.6531722973158,126.49,6,2022,162
2022-06-11,Potatoes,Vegetables,Spring,medium,medium,39.94543319236527,33.04,6,2022,162
2022-06-11,Onions,Vegetables,Spring,medium,high,87.67872018943605,72.87,6,2022,162
2022-06-11,Carrots,Vegetables,Spring,medium,high,49.46308426375427,38.86,6,2022,162
2022-06-11,Spinach,Vegetables,Spring,medium,none,55.54468817478872,57.16,6,2022,162
2022-06-11,Apples,Fruits,Spring,medium,medium,71.46322206304882,69.2,6,2022,162
2022-06-11,Bananas,Fruits,Spring,high,low,66.51769165252725,84.38,6,2022,162
2022-06-11,Oranges,Fruits,Spring,medium,high,59.79140686167112,53.35,6,2022,162
2022-06-11,Mangoes,Fruits,Spring,high,high,120.40638059199259,121.18,6,2022,162
2022-06-11,Grapes,Fruits,Spring,medium,medium,77.61076985377701,66.63,6,2022,162
2022-06-11,Rice,Grains,Spring,low,low,117.12011968919091,82.03,6,2022,162
2022-06-11,Wheat,Grains,Spring,high,low,143.3536429008572,166.9,6,2022,162
2022-06-11,Corn,Grains,Spring,low,low,111.05348473132922,85.11,6,2022,162
2022-06-11,Barley,Grains,Spring,high,medium,126.26258428257913,136.08,6,2022,162
2022-06-11,Oats,Grains,Spring,medium,medium,47.282486885781246,43.21,6,2022,162
2022-06-11,Milk,Dairy,Spring,low,medium,177.8849194720527,119.39,6,2022,162
2022-06-11,Cheese,Dairy,Spring,low,high,120.44761852681407,85.61,6,2022,162
2022-06-11,Butter,Dairy,Spring,high,high,198.52579124288542,236.04,6,2022,162
2022-06-11,Yogurt,Dairy,Spring,low,low,138.36085630004413,110.25,6,2022,162
2022-06-11,Cream,Dairy,Spring,high,medium,166.72130920646623,202.39,6,2022,162
2022-06-11,Chicken,Meat,Spring,low,high,87.54678279967993,59.82,6,2022,162
2022-06-11,Beef,Meat,Spring,medium,low,172.64860240353894,174.93,6,2022,162
2022-06-11,Pork,Meat,Spring,low,low,21.985690567243843,17.57,6,2022,162
2022-06-11,Fish,Meat,Spring,high,medium,142.10818811392554,159.8,6,2022,162
2022-06-11,Lamb,Meat,Spring,low,low,177.7971371290761,131.57,6,2022,162
2022-06-18,Tomatoes,Vegetables,Spring,medium,high,100.74991357181766,80.79,6,2022,169
2022-06-18,Potatoes,Vegetables,Spring,medium,none,44.808121848662374,40.34,6,2022,169
2022-06-18,Onions,Vegetables,Spring,medium,low,52.10706517531937,46.2,6,2022,169
2022-06-18,Carrots,Vegetables,Spring,low,high,52.63747038659094,35.09,6,2022,169
2022-06-18,Spinach,Vegetables,Spring,low,low,177.3672447098428,140.82,6,2022,169
2022-06-18,Apples,Fruits,Spring,medium,medium,38.74472442565174,36.29,6,2022,169
2022-06-18,Bananas,Fruits,Spring,medium,low,29.504712884335056,29.74,6,2022,169
2022-06-18,Oranges,Fruits,Spring,high,none,68.56772962307858,91.57,6,2022,169
2022-06-18,Mangoes,Fruits,Spring,low,high,46.81995250686382,33.65,6,2022,169
2022-06-18,Grapes,Fruits,Spring,high,high,147.38256825336484,163.42,6,2022,169
2022-06-18,Rice,Grains,Spring,medium,medium,99.2358196319883,93.52,6,2022,169
2022-06-18,Wheat,Grains,Spring,high,high,62.45436784586368,62.97,6,2022,169
2022-06-18,Corn,Grains,Spring,high,medium,164.24604484751342,201.15,6,2022,169
2022-06-18,Barley,Grains,Spring,low,none,73.89983188853961,60.75,6,2022,169
2022-06-18,Oats,Grains,Spring,high,medium,109.3099491403795,132.65,6,2022,169
2022-06-18,Milk,Dairy,Spring,high,medium,198.40275772783465,235.47,6,2022,169
2022-06-18,Cheese,Dairy,Spring,low,high,125.79848495519568,83.19,6,2022,169
2022-06-18,Butter,Dairy,Spring,low,medium,80.2120319735478,52.26,6,2022,169
2022-06-18,Yogurt,Dairy,Spring,low,low,169.70546786163922,129.44,6,2022,169
2022-06-18,Cream,Dairy,Spring,low,medium,73.77060324597915,50.56,6,2022,169
2022-06-18,Chicken,Meat,Spring,high,none,97.33822629300832,135.19,6,2022,169
2022-06-18,Beef,Meat,Spring,low,none,53.498255212329916,42.44,6,2022,169
2022-06-18,Pork,Meat,Spring,medium,low,106.93439697536394,93.07,6,2022,169
2022-06-18,Fish,Meat,Spring,medium,medium,151.02907525527775,134.21,6,2022,169
2022-06-18,Lamb,Meat,Spring,medium,none,151.31148115743142,140.99,6,2022,169
2022-06-25,Tomatoes,Vegetables,Spring,low,medium,129.84052690597542,101.39,6,2022,176
2022-06-25,Potatoes,Vegetables,Spring,low,low,104.97087815545969,76.31,6,2022,176
2022-06-25,Onions,Vegetables,Spring,medium,high,28.027083507133078,22.75,6,2022,176
2022-06-25,Carrots,Vegetables,Spring,medium,high,69.61022096221018,64.79,6,2022,176
2022-06-25,Spinach,Vegetables,Spring,high,low,86.81727690019969,114.61,6,2022,176
2022-06-25,Apples,Fruits,Spring,low,none,68.26502361719241,58.47,6,2022,176
2022-06-25,Bananas,Fruits,Spring,medium,low,28.370105559211787,27.29,6,2022,176
2022-06-25,Oranges,Fruits,Spring,medium,none,82.26568055030496,86.74,6,2022,176
2022-06-25,Mangoes,Fruits,Spring,high,low,35.556429937258365,45.95,6,2022,176
2022-06-25,Grapes,Fruits,Spring,high,high,118.69770507075636,142.62,6,2022,176
2022-06-25,Rice,Grains,Spring,medium,none,29.406418271484277,29.37,6,2022,176
2022-06-25,Wheat,Grains,Spring,low,medium,196.31915126871624,147.71,6,2022,176
2022-06-25,Corn,Grains,Spring,low,medium,54.41432626366202,37.68,6,2022,176
2022-06-25,Barley,Grains,Spring,low,none,190.46647779297015,140.61,6,2022,176
2022-06-25,Oats,Grains,Spring,high,low,47.224429172288225,53.53,6,2022,176
2022-06-25,Milk,Dairy,Spring,low,none,143.07573900386765,125.46,6,2022,176
2022-06-25,Cheese,Dairy,Spring,medium,medium,60.93370925504821,50.1,6,2022,176
2022-06-25,Butter,Dairy,Spring,low,low,147.41031750135835,102.66,6,2022,176
2022-06-25,Yogurt,Dairy,Spring,low,low,102.49411547515817,72.69,6,2022,176
2022-06-25,Cream,Dairy,Spring,low,low,190.22566646005083,132.94,6,2022,176
2022-06-25,Chicken,Meat,Spring,high,none,175.157643512769,239.06,6,2022,176
2022-06-25,Beef,Meat,Spring,high,high,72.30576076514392,73.7,6,2022,176
2022-06-25,Pork,Meat,Spring,high,high,84.0752072830735,98.37,6,2022,176
2022-06-25,Fish,Meat,Spring,high,none,109.50606745664388,132.81,6,2022,176
2022-06-25,Lamb,Meat,Spring,medium,high,79.43871167686956,67.78,6,2022,176
2022-07-02,Tomatoes,Vegetables,Summer,low,medium,56.87862934712826,39.66,7,2022,183
2022-07-02,Potatoes,Vegetables,Summer,high,none,176.70411650828123,204.73,7,2022,183
2022-07-02,Onions,Vegetables,Summer,medium,none,197.2981381053575,160.78,7,2022,183
2022-07-02,Carrots,Vegetables,Summer,medium,medium,31.73682642688857,27.81,7,2022,183
2022-07-02,Spinach,Vegetables,Summer,high,low,116.96632363148856,126.68,7,2022,183
2022-07-02,Apples,Fruits,Summer,high,low,101.30542746170289,103.44,7,2022,183
2022-07-02,Bananas,Fruits,Summer,high,high,99.39298848514107,92.65,7,2022,183
2022-07-02,Oranges,Fruits,Summer,low,high,36.92649879816794,21.59,7,2022,183
2022-07-02,Mangoes,Fruits,Summer,low,medium,76.22283833939244,46.39,7,2022,183
2022-07-02,Grapes,Fruits,Summer,medium,low,181.45242747623618,153.52,7,2022,183
2022-07-02,Rice,Grains,Summer,medium,medium,120.40763454725625,99.74,7,2022,183
2022-07-02,Wheat,Grains,Summer,high,low,85.35813259412188,88.59,7,2022,183
2022-07-02,Corn,Grains,Summer,low,medium,111.2691986957794,67.55,7,2022,183
2022-07-02,Barley,Grains,Summer,high,none,180.91814780141667,209.15,7,2022,183
2022-07-02,Oats,Grains,Summer,medium,medium,130.75364451256436,114.01,7,2022,183
2022-07-02,Milk,Dairy,Summer,medium,medium,164.64863637947633,145.83,7,2022,183
2022-07-02,Cheese,Dairy,Summer,high,none,95.19697626951795,115.12,7,2022,183
2022-07-02,Butter,Dairy,Summer,medium,low,134.24082918570946,113.11,7,2022,183
2022-07-02,Yogurt,Dairy,Summer,high,none,49.20201304084628,58.25,7,2022,183
2022-07-02,Cream,Dairy,Summer,low,high,114.93193198208174,75.83,7,2022,183
2022-07-02,Chicken,Meat,Summer,low,medium,34.29318523574531,20.83,7,2022,183
2022-07-02,Beef,Meat,Summer,medium,low,174.47186956828952,137.56,7,2022,183
2022-07-02,Pork,Meat,Summer,low,medium,156.72483382063373,109.71,7,2022,183
2022-07-02,Fish,Meat,Summer,low,none,137.30022536715666,94.0,7,2022,183
2022-07-02,Lamb,Meat,Summer,medium,low,167.46591887686301,135.86,7,2022,183
2022-07-09,Tomatoes,Vegetables,Summer,medium,low,40.32977751401124,35.99,7,2022,190
2022-07-09,Potatoes,Vegetables,Summer,medium,none,95.6213710125905,90.18,7,2022,190
2022-07-09,Onions,Vegetables,Summer,high,none,54.426875224625604,62.86,7,2022,190
2022-07-09,Carrots,Vegetables,Summer,low,none,123.90495153835036,94.67,7,2022,190
2022-07-09,Spinach,Vegetables,Summer,high,medium,171.87271875321036,164.01,7,2022,190
2022-07-09,Apples,Fruits,Summer,medium,low,153.07305232965916,126.03,7,2022,190
2022-07-09,Bananas,Fruits,Summer,high,medium,20.687084142382485,20.33,7,2022,190
2022-07-09,Oranges,Fruits,Summer,low,high,137.95083374449848,77.21,7,2022,190
2022-07-09,Mangoes,Fruits,Summer,high,high,33.87404215126293,36.16,7,2022,190
2022-07-09,Grapes,Fruits,Summer,high,medium,58.795376382439734,56.57,7,2022,190
2022-07-09,Rice,Grains,Summer,low,low,157.36795242660008,113.22,7,2022,190
2022-07-09,Wheat,Grains,Summer,low,medium,182.64941198242312,125.63,7,2022,190
2022-07-09,Corn,Grains,Summer,high,low,30.63690021408559,35.08,7,2022,190
2022-07-09,Barley,Grains,Summer,high,medium,177.36081034490329,174.4,7,2022,190
2022-07-09,Oats,Grains,Summer,medium,low,90.15668973676857,72.87,7,2022,190
2022-07-09,Milk,Dairy,Summer,medium,medium,88.69014917609601,70.59,7,2022,190
2022-07-09,Cheese,Dairy,Summer,high,high,164.42377924866756,147.76,7,2022,190
2022-07-09,Butter,Dairy,Summer,medium,low,95.85992748426453,89.6,7,2022,190
2022-07-09,Yogurt,Dairy,Summer,low,medium,42.94171269611641,30.46,7,2022,190
2022-07-09,Cream,Dairy,Summer,high,none,168.68702929998292,210.76,7,2022,190
2022-07-09,Chicken,Meat,Summer,medium,medium,196.72376478691297,161.23,7,2022,190
2022-07-09,Beef,Meat,Summer,low,high,133.08285988339065,83.65,7,2022,190
2022-07-09,Pork,Meat,Summer,medium,none,100.97159743506066,91.61,7,2022,190
2022-07-09,Fish,Meat,Summer,medium,none,37.37620463517935,30.36,7,2022,190
2022-07-09,Lamb,Meat,Summer,low,low,104.37823378361105,72.8,7,2022,190
2022-07-16,Tomatoes,Vegetables,Summer,high,low,73.50280538755109,85.67,7,2022,197
2022-07-16,Potatoes,Vegetables,Summer,medium,none,28.66571047610362,24.92,7,2022,197
2022-07-16,Onions,Vegetables,Summer,high,medium,81.27305180292164,78.37,7,2022,197
2022-07-16,Carrots,Vegetables,Summer,low,high,63.11183058371686,35.03,7,2022,197
2022-07-16,Spinach,Vegetables,Summer,medium,low,124.90523031502813,108.36,7,2022,197
2022-07-16,Apples,Fruits,Summer,low,medium,138.5885126252127,89.6,7,2022,197
2022-07-16,Bananas,Fruits,Summer,low,none,152.76183483670883,99.71,7,2022,197
2022-07-16,Oranges,Fruits,Summer,medium,high,176.339271137652,147.2,7,2022,197
2022-07-16,Mangoes,Fruits,Summer,high,medium,24.52555248990909,23.67,7,2022,197
2022-07-16,Grapes,Fruits,Summer,medium,medium,183.92178429832512,138.18,7,2022,197
2022-07-16,Rice,Grains,Summer,low,low,81.34682596217239,56.83,7,2022,197
2022-07-16,Wheat,Grains,Summer,low,none,133.63535955655797,98.9,7,2022,197
2022-07-16,Corn,Grains,Summer,medium,high,141.7567452209106,108.18,7,2022,197
2022-07-16,Barley,Grains,Summer,medium,high,137.40036671818504,107.23,7,2022,197
2022-07-16,Oats,Grains,Summer,low,high,153.84690491178077,96.68,7,2022,197
2022-07-16,Milk,Dairy,Summer,low,low,32.767798904079214,21.79,7,2022,197
2022-07-16,Cheese,Dairy,Summer,medium,medium,105.04880390117245,78.96,7,2022,197
2022-07-16,Butter,Dairy,Summer,low,none,69.82657540243504,48.58,7,2022,197
2022-07-16,Yogurt,Dairy,Summer,medium,medium,106.76739046017485,85.57,7,2022,197
2022-07-16,Cream,Dairy,Summer,low,none,105.37191567762689,76.43,7,2022,197
2022-07-16,Chicken,Meat,Summer,low,low,173.74447957709077,126.76,7,2022,197
2022-07-16,Beef,Meat,Summer,low,low,171.90643027011032,116.71,7,2022,197
2022-07-16,Pork,Meat,Summer,medium,low,98.93692793673839,81.1,7,2022,197
2022-07-16,Fish,Meat,Summer,low,high,187.71566949790696,105.39,7,2022,197
2022-07-16,Lamb,Meat,Summer,low,medium,131.07197290120422,91.39,7,2022,197
2022-07-23,Tomatoes,Vegetables,Summer,high,none,123.46031976759474,149.52,7,2022,204
2022-07-23,Potatoes,Vegetables,Summer,high,none,28.073642244242357,35.67,7,2022,204
2022-07-23,Onions,Vegetables,Summer,high,high,49.73670908081303,53.24,7,2022,204
2022-07-23,Carrots,Vegetables,Summer,low,high,140.76974085365143,89.16,7,2022,204
2022-07-23,Spinach,Vegetables,Summer,medium,medium,73.4109753987362,64.86,7,2022,204
2022-07-23,Apples,Fruits,Summer,low,medium,149.8508211991319,87.43,7,2022,204
2022-07-23,Bananas,Fruits,Summer,high,medium,149.162982451687,142.64,7,2022,204
2022-07-23,Oranges,Fruits,Summer,medium,low,176.88759091188152,156.24,7,2022,204
2022-07-23,Mangoes,Fruits,Summer,medium,none,164.0638782242132,136.47,7,2022,204
2022-07-23,Grapes,Fruits,Summer,low,none,95.41060223374558,67.38,7,2022,204
2022-07-23,Rice,Grains,Summer,low,medium,77.79459747566902,49.53,7,2022,204
2022-07-23,Wheat,Grains,Summer,medium,low,136.29731150091135,125.58,7,2022,204
2022-07-23,Corn,Grains,Summer,medium,low,127.76463241743753,101.35,7,2022,204
2022-07-23,Barley,Grains,Summer,high,high,40.832769202166965,37.94,7,2022,204
2022-07-23,Oats,Grains,Summer,low,low,134.81787667945412,92.77,7,2022,204
2022-07-23,Milk,Dairy,Summer,medium,high,169.2231918581884,137.74,7,2022,204
2022-07-23,Cheese,Dairy,Summer,high,medium,145.07882726167264,152.34,7,2022,204
2022-07-23,Butter,Dairy,Summer,medium,none,123.89597961221915,103.1,7,2022,204
2022-07-23,Yogurt,Dairy,Summer,high,none,120.55563136107656,147.52,7,2022,204
2022-07-23,Cream,Dairy,Summer,low,low,137.41249674654915,100.6,7,2022,204
2022-07-23,Chicken,Meat,Summer,low,medium,92.70161555062228,60.58,7,2022,204
2022-07-23,Beef,Meat,Summer,medium,high,175.11364908529316,126.63,7,2022,204
2022-07-23,Pork,Meat,Summer,high,high,89.16313162472863,90.08,7,2022,204
2022-07-23,Fish,Meat,Summer,high,high,156.68318463547035,167.96,7,2022,204
2022-07-23,Lamb,Meat,Summer,high,none,22.215746542893605,23.54,7,2022,204
2022-07-30,Tomatoes,Vegetables,Summer,high,low,90.73536056215242,94.13,7,2022,211
2022-07-30,Potatoes,Vegetables,Summer,low,high,97.49528092319736,62.79,7,2022,211
2022-07-30,Onions,Vegetables,Summer,high,none,190.39599811883832,223.53,7,2022,211
2022-07-30,Carrots,Vegetables,Summer,high,medium,88.2038500505866,90.76,7,2022,211
2022-07-30,Spinach,Vegetables,Summer,high,none,162.50964666704238,174.97,7,2022,211
2022-07-30,Apples,Fruits,Summer,medium,high,172.4851081448813,124.51,7,2022,211
2022-07-30,Bananas,Fruits,Summer,low,medium,197.84647390800654,133.03,7,2022,211
2022-07-30,Oranges,Fruits,Summer,low,low,45.29953416410494,28.06,7,2022,211
2022-07-30,Mangoes,Fruits,Summer,high,none,110.98192122388099,126.84,7,2022,211
2022-07-30,Grapes,Fruits,Summer,medium,medium,27.019282263484087,21.4,7,2022,211
2022-07-30,Rice,Grains,Summer,medium,low,48.80448856337493,43.87,7,2022,211
2022-07-30,Wheat,Grains,Summer,medium,low,102.53414159874032,94.68,7,2022,211
2022-07-30,Corn,Grains,Summer,medium,high,40.90501283609461,30.13,7,2022,211
2022-07-30,Barley,Grains,Summer,medium,high,179.91266101556263,138.88,7,2022,211
2022-07-30,Oats,Grains,Summer,high,medium,35.876306682176725,35.15,7,2022,211
2022-07-30,Milk,Dairy,Summer,medium,high,25.568776051641557,21.44,7,2022,211
2022-07-30,Cheese,Dairy,Summer,low,low,106.01812064400364,67.71,7,2022,211
2022-07-30,Butter,Dairy,Summer,high,medium,64.44333680016541,65.91,7,2022,211
2022-07-30,Yogurt,Dairy,Summer,low,medium,168.8266952833554,102.34,7,2022,211
2022-07-30,Cream,Dairy,Summer,high,high,111.34034590155359,104.86,7,2022,211
2022-07-30,Chicken,Meat,Summer,high,none,169.52393189361385,201.54,7,2022,211
2022-07-30,Beef,Meat,Summer,high,none,45.05540624222519,54.05,7,2022,211
2022-07-30,Pork,Meat,Summer,high,none,108.00160972264125,138.84,7,2022,211
2022-07-30,Fish,Meat,Summer,medium,none,178.45665718680686,170.01,7,2022,211
2022-07-30,Lamb,Meat,Summer,high,none,103.06019213971628,112.09,7,2022,211
2022-08-06,Tomatoes,Vegetables,Monsoon,low,high,173.46040074227963,102.04,8,2022,218
2022-08-06,Potatoes,Vegetables,Monsoon,high,none,43.82702822629504,46.48,8,2022,218
2022-08-06,Onions,Vegetables,Monsoon,high,high,83.62293329842083,67.09,8,2022,218
2022-08-06,Carrots,Vegetables,Monsoon,high,high,154.25480695286217,124.3,8,2022,218
2022-08-06,Spinach,Vegetables,Monsoon,low,low,142.5360607328874,78.59,8,2022,218
2022-08-06,Apples,Fruits,Monsoon,high,medium,194.52939083265716,182.55,8,2022,218
2022-08-06,Bananas,Fruits,Monsoon,medium,medium,36.861035727063836,25.49,8,2022,218
2022-08-06,Oranges,Fruits,Monsoon,high,none,108.45527195514022,114.21,8,2022,218
2022-08-06,Mangoes,Fruits,Monsoon,high,medium,99.42026845795877,100.85,8,2022,218
2022-08-06,Grapes,Fruits,Monsoon,low,medium,85.20825567774641,52.95,8,2022,218
2022-08-06,Rice,Grains,Monsoon,high,medium,102.07626963678864,100.6,8,2022,218
2022-08-06,Wheat,Grains,Monsoon,low,medium,123.23521126200319,66.73,8,2022,218
2022-08-06,Corn,Grains,Monsoon,low,none,39.66755785573186,26.1,8,2022,218
2022-08-06,Barley,Grains,Monsoon,high,medium,73.71828422513781,74.29,8,2022,218
2022-08-06,Oats,Grains,Monsoon,low,medium,100.69742996649599,59.47,8,2022,218
2022-08-06,Milk,Dairy,Monsoon,medium,high,186.7488692114156,137.89,8,2022,218
2022-08-06,Cheese,Dairy,Monsoon,high,low,25.498902276808394,25.33,8,2022,218
2022-08-06,Butter,Dairy,Monsoon,low,high,133.85793979384903,77.48,8,2022,218
2022-08-06,Yogurt,Dairy,Monsoon,high,high,80.0133179886399,71.14,8,2022,218
2022-08-06,Cream,Dairy,Monsoon,high,medium,162.8109225749626,143.27,8,2022,218
2022-08-06,Chicken,Meat,Monsoon,high,low,199.03675548079963,177.55,8,2022,218
2022-08-06,Beef,Meat,Monsoon,low,none,152.81651334107542,102.51,8,2022,218
2022-08-06,Pork,Meat,Monsoon,low,high,45.71305171415095,25.66,8,2022,218
2022-08-06,Fish,Meat,Monsoon,high,low,157.90086790320552,143.66,8,2022,218
2022-08-06,Lamb,Meat,Monsoon,medium,low,91.83803385327015,66.73,8,2022,218
2022-08-13,Tomatoes,Vegetables,Monsoon,high,low,143.73314554452276,136.5,8,2022,225
2022-08-13,Potatoes,Vegetables,Monsoon,medium,high,118.84346052989108,82.06,8,2022,225
2022-08-13,Onions,Vegetables,Monsoon,low,none,145.5961296932173,85.74,8,2022,225
2022-08-13,Carrots,Vegetables,Monsoon,medium,high,176.40996541024612,110.67,8,2022,225
2022-08-13,Spinach,Vegetables,Monsoon,medium,high,171.57339873174425,108.39,8,2022,225
2022-08-13,Apples,Fruits,Monsoon,high,medium,147.8198101559072,130.95,8,2022,225
2022-08-13,Bananas,Fruits,Monsoon,high,low,70.58080980356846,64.88,8,2022,225
2022-08-13,Oranges,Fruits,Monsoon,medium,none,67.91024225279673,55.23,8,2022,225
2022-08-13,Mangoes,Fruits,Monsoon,low,none,171.60153434191062,103.66,8,2022,225
2022-08-13,Grapes,Fruits,Monsoon,high,none,26.06045207849709,26.65,8,2022,225
2022-08-13,Rice,Grains,Monsoon,high,none,156.73005716596336,170.16,8,2022,225
2022-08-13,Wheat,Grains,Monsoon,medium,low,176.04802430333905,142.4,8,2022,225
2022-08-13,Corn,Grains,Monsoon,medium,low,119.83832264631721,90.41,8,2022,225
2022-08-13,Barley,Grains,Monsoon,low,high,62.23761951965288,32.44,8,2022,225
2022-08-13,Oats,Grains,Monsoon,low,medium,121.39200757168665,73.77,8,2022,225
2022-08-13,Milk,Dairy,Monsoon,high,medium,68.85368848040858,61.67,8,2022,225
2022-08-13,Cheese,Dairy,Monsoon,medium,medium,44.089105339944766,28.91,8,2022,225
2022-08-13,Butter,Dairy,Monsoon,high,none,154.756142142716,144.86,8,2022,225
2022-08-13,Yogurt,Dairy,Monsoon,medium,low,112.00324506270137,81.31,8,2022,225
2022-08-13,Cream,Dairy,Monsoon,high,high,147.25576774202892,139.01,8,2022,225
2022-08-13,Chicken,Meat,Monsoon,low,high,20.68758607854496,11.8,8,2022,225
2022-08-13,Beef,Meat,Monsoon,high,none,76.92862695127522,77.77,8,2022,225
2022-08-13,Pork,Meat,Monsoon,high,low,68.6707915492146,65.31,8,2022,225
2022-08-13,Fish,Meat,Monsoon,high,medium,162.0078449196813,149.63,8,2022,225
2022-08-13,Lamb,Meat,Monsoon,high,none,183.78976589379056,176.46,8,2022,225
2022-08-20,Tomatoes,Vegetables,Monsoon,low,none,27.612514860082616,19.19,8,2022,232
2022-08-20,Potatoes,Vegetables,Monsoon,high,low,171.96476643304732,157.64,8,2022,232
2022-08-20,Onions,Vegetables,Monsoon,high,none,65.7616490747652,64.05,8,2022,232
2022-08-20,Carrots,Vegetables,Monsoon,high,none,70.11909348507822,75.49,8,2022,232
2022-08-20,Spinach,Vegetables,Monsoon,low,none,189.91681496537774,120.95,8,2022,232
2022-08-20,Apples,Fruits,Monsoon,low,low,134.1811531480168,75.13,8,2022,232
2022-08-20,Bananas,Fruits,Monsoon,high,high,109.74274391102765,104.11,8,2022,232
2022-08-20,Oranges,Fruits,Monsoon,medium,high,105.67419158209806,69.97,8,2022,232
2022-08-20,Mangoes,Fruits,Monsoon,high,none,86.56638607769179,84.38,8,2022,232
2022-08-20,Grapes,Fruits,Monsoon,high,low,119.37248563760801,111.15,8,2022,232
2022-08-20,Rice,Grains,Monsoon,high,low,138.32362679062314,147.05,8,2022,232
2022-08-20,Wheat,Grains,Monsoon,low,medium,58.83332225176174,34.62,8,2022,232
2022-08-20,Corn,Grains,Monsoon,high,high,73.1542659629299,67.75,8,2022,232
2022-08-20,Barley,Grains,Monsoon,low,high,76.812921877403,43.57,8,2022,232
2022-08-20,Oats,Grains,Monsoon,low,high,55.85874948092956,27.61,8,2022,232
2022-08-20,Milk,Dairy,Monsoon,low,low,140.03599889916592,89.94,8,2022,232
2022-08-20,Cheese,Dairy,Monsoon,high,none,117.88503101592272,127.21,8,2022,232
2022-08-20,Butter,Dairy,Monsoon,medium,high,63.53999903974627,46.13,8,2022,232
2022-08-20,Yogurt,Dairy,Monsoon,medium,low,147.68893407573034,101.72,8,2022,232
2022-08-20,Cream,Dairy,Monsoon,medium,none,152.51607651093715,131.92,8,2022,232
2022-08-20,Chicken,Meat,Monsoon,low,medium,68.00153539915597,42.13,8,2022,232
2022-08-20,Beef,Meat,Monsoon,medium,low,27.498227308882836,22.0,8,2022,232
2022-08-20,Pork,Meat,Monsoon,high,none,101.88540011136567,106.41,8,2022,232
2022-08-20,Fish,Meat,Monsoon,high,low,195.68248819025845,174.66,8,2022,232
2022-08-20,Lamb,Meat,Monsoon,medium,none,158.62847811627728,117.26,8,2022,232
2022-08-27,Tomatoes,Vegetables,Monsoon,low,none,67.8049099325491,45.77,8,2022,239
2022-08-27,Potatoes,Vegetables,Monsoon,low,low,113.2328949882642,69.82,8,2022,239
2022-08-27,Onions,Vegetables,Monsoon,low,high,122.25665222081611,67.15,8,2022,239
2022-08-27,Carrots,Vegetables,Monsoon,high,none,178.26592067234924,187.14,8,2022,239
2022-08-27,Spinach,Vegetables,Monsoon,high,none,169.35736165177607,168.77,8,2022,239
2022-08-27,Apples,Fruits,Monsoon,high,high,57.277085271782816,54.68,8,2022,239
2022-08-27,Bananas,Fruits,Monsoon,low,low,147.82437772365185,91.73,8,2022,239
2022-08-27,Oranges,Fruits,Monsoon,high,high,105.21215866908426,84.78,8,2022,239
2022-08-27,Mangoes,Fruits,Monsoon,low,medium,192.4021641778767,117.14,8,2022,239
2022-08-27,Grapes,Fruits,Monsoon,medium,medium,198.43902228155972,156.1,8,2022,239
2022-08-27,Rice,Grains,Monsoon,low,none,33.60890731101514,20.33,8,2022,239
2022-08-27,Wheat,Grains,Monsoon,medium,none,55.2499551441686,45.28,8,2022,239
2022-08-27,Corn,Grains,Monsoon,low,medium,160.6379340345149,85.99,8,2022,239
2022-08-27,Barley,Grains,Monsoon,high,medium,166.00227858802475,160.79,8,2022,239
2022-08-27,Oats,Grains,Monsoon,low,medium,66.78289626370992,41.68,8,2022,239
2022-08-27,Milk,Dairy,Monsoon,low,medium,72.29081102085567,37.98,8,2022,239
2022-08-27,Cheese,Dairy,Monsoon,medium,none,144.1999527156098,125.29,8,2022,239
2022-08-27,Butter,Dairy,Monsoon,low,medium,109.51624031041503,57.34,8,2022,239
2022-08-27,Yogurt,Dairy,Monsoon,medium,medium,94.81559360346303,71.83,8,2022,239
2022-08-27,Cream,Dairy,Monsoon,medium,none,83.76819767138839,73.21,8,2022,239
2022-08-27,Chicken,Meat,Monsoon,medium,low,131.76354623918746,105.36,8,2022,239
2022-08-27,Beef,Meat,Monsoon,medium,none,118.4347353755227,93.96,8,2022,239
2022-08-27,Pork,Meat,Monsoon,medium,none,120.95740340527117,96.4,8,2022,239
2022-08-27,Fish,Meat,Monsoon,low,none,181.5814410820322,127.4,8,2022,239
2022-08-27,Lamb,Meat,Monsoon,high,medium,162.7657173194131,144.49,8,2022,239
2022-09-03,Tomatoes,Vegetables,Autumn,high,high,192.91285559237596,257.69,9,2022,246
2022-09-03,Potatoes,Vegetables,Autumn,medium,low,148.11010503428878,156.93,9,2022,246
2022-09-03,Onions,Vegetables,Autumn,low,low,66.71752097169626,56.82,9,2022,246
2022-09-03,Carrots,Vegetables,Autumn,medium,low,33.154681164862694,37.98,9,2022,246
2022-09-03,Spinach,Vegetables,Autumn,high,none,54.21937696107097,83.86,9,2022,246
2022-09-03,Apples,Fruits,Autumn,high,medium,189.86628670763974,245.41,9,2022,246
2022-09-03,Bananas,Fruits,Autumn,high,high,195.91542343847067,222.02,9,2022,246
2022-09-03,Oranges,Fruits,Autumn,high,low,105.8420191642346,147.83,9,2022,246
2022-09-03,Mangoes,Fruits,Autumn,high,high,139.98808622839147,172.37,9,2022,246
2022-09-03,Grapes,Fruits,Autumn,medium,high,158.89284397614938,134.07,9,2022,246
2022-09-03,Rice,Grains,Autumn,low,high,21.626924434272592,17.56,9,2022,246
2022-09-03,Wheat,Grains,Autumn,high,none,61.161820328649576,82.6,9,2022,246
2022-09-03,Corn,Grains,Autumn,medium,medium,77.90059813871875,80.65,9,2022,246
2022-09-03,Barley,Grains,Autumn,low,medium,37.171869916377915,26.67,9,2022,246
2022-09-03,Oats,Grains,Autumn,low,none,106.56022638854162,86.62,9,2022,246
2022-09-03,Milk,Dairy,Autumn,high,medium,71.99928900364982,101.09,9,2022,246
2022-09-03,Cheese,Dairy,Autumn,low,none,109.041534126431,95.6,9,2022,246
2022-09-03,Butter,Dairy,Autumn,low,low,134.37985621871405,121.74,9,2022,246
2022-09-03,Yogurt,Dairy,Autumn,high,low,191.1671470104587,252.28,9,2022,246
2022-09-03,Cream,Dairy,Autumn,low,high,161.75883545458026,122.78,9,2022,246
2022-09-03,Chicken,Meat,Autumn,low,low,94.80870126332039,85.64,9,2022,246
2022-09-03,Beef,Meat,Autumn,high,low,177.9240101969468,258.14,9,2022,246
2022-09-03,Pork,Meat,Autumn,low,low,155.3189911470368,141.7,9,2022,246
2022-09-03,Fish,Meat,Autumn,low,none,46.67202708139018,44.77,9,2022,246
2022-09-03,Lamb,Meat,Autumn,high,high,124.69201273805484,153.99,9,2022,246
2022-09-10,Tomatoes,Vegetables,Autumn,medium,medium,113.0057093407282,107.01,9,2022,253
2022-09-10,Potatoes,Vegetables,Autumn,high,medium,83.54907048805443,117.13,9,2022,253
2022-09-10,Onions,Vegetables,Autumn,low,low,180.66048094756542,159.5,9,2022,253
2022-09-10,Carrots,Vegetables,Autumn,high,low,105.74043199419778,135.16,9,2022,253
2022-09-10,Spinach,Vegetables,Autumn,low,high,126.40345458653296,91.36,9,2022,253
2022-09-10,Apples,Fruits,Autumn,medium,none,173.90543629158833,186.11,9,2022,253
2022-09-10,Bananas,Fruits,Autumn,high,none,73.1435244481356,103.76,9,2022,253
2022-09-10,Oranges,Fruits,Autumn,high,high,37.1095481958847,41.03,9,2022,253
2022-09-10,Mangoes,Fruits,Autumn,low,high,150.8148603502754,109.48,9,2022,253
2022-09-10,Grapes,Fruits,Autumn,medium,none,168.4618141300016,183.95,9,2022,253
2022-09-10,Rice,Grains,Autumn,high,none,28.17259066436466,36.56,9,2022,253
2022-09-10,Wheat,Grains,Autumn,medium,none,43.01602422003516,42.59,9,2022,253
2022-09-10,Corn,Grains,Autumn,medium,low,94.98184912681259,90.41,9,2022,253
2022-09-10,Barley,Grains,Autumn,high,medium,195.15406933501993,241.33,9,2022,253
2022-09-10,Oats,Grains,Autumn,high,high,74.70965220590492,81.76,9,2022,253
2022-09-10,Milk,Dairy,Autumn,medium,medium,151.28206293583935,154.65,9,2022,253
2022-09-10,Cheese,Dairy,Autumn,low,none,153.5413388525687,133.03,9,2022,253
2022-09-10,Butter,Dairy,Autumn,medium,none,74.52756301527727,85.47,9,2022,253
2022-09-10,Yogurt,Dairy,Autumn,medium,none,167.0203039710145,178.98,9,2022,253
2022-09-10,Cream,Dairy,Autumn,medium,high,182.34923541484702,187.03,9,2022,253
2022-09-10,Chicken,Meat,Autumn,low,low,155.76468674277453,132.58,9,2022,253
2022-09-10,Beef,Meat,Autumn,high,medium,138.98256576451766,180.46,9,2022,253
2022-09-10,Pork,Meat,Autumn,high,low,147.67774912506974,211.88,9,2022,253
2022-09-10,Fish,Meat,Autumn,high,high,125.07910049254009,138.12,9,2022,253
2022-09-10,Lamb,Meat,Autumn,high,none,67.75870475998406,89.72,9,2022,253
2022-09-17,Tomatoes,Vegetables,Autumn,low,none,120.81650553981119,110.75,9,2022,260
2022-09-17,Potatoes,Vegetables,Autumn,low,none,50.97606127314669,44.4,9,2022,260
2022-09-17,Onions,Vegetables,Autumn,high,high,48.624500673247034,54.35,9,2022,260
2022-09-17,Carrots,Vegetables,Autumn,high,medium,164.63325951828818,196.0,9,2022,260
2022-09-17,Spinach,Vegetables,Autumn,low,none,173.0848906569508,138.02,9,2022,260
2022-09-17,Apples,Fruits,Autumn,low,none,29.34115391331396,24.34,9,2022,260
2022-09-17,Bananas,Fruits,Autumn,low,medium,139.72631496291297,102.23,9,2022,260
2022-09-17,Oranges,Fruits,Autumn,high,none,157.64944546573025,245.6,9,2022,260
2022-09-17,Mangoes,Fruits,Autumn,high,low,109.32657551882508,138.51,9,2022,260
2022-09-17,Grapes,Fruits,Autumn,medium,none,161.51701740699045,160.8,9,2022,260
2022-09-17,Rice,Grains,Autumn,medium,low,171.01951898924193,182.86,9,2022,260
2022-09-17,Wheat,Grains,Autumn,high,high,171.79005636855243,211.27,9,2022,260
2022-09-17,Corn,Grains,Autumn,medium,none,110.19581844719548,122.05,9,2022,260
2022-09-17,Barley,Grains,Autumn,low,none,117.33222208395875,99.3,9,2022,260
2022-09-17,Oats,Grains,Autumn,low,high,106.80758502539459,84.69,9,2022,260
2022-09-17,Milk,Dairy,Autumn,high,medium,119.48727362933815,165.02,9,2022,260
2022-09-17,Cheese,Dairy,Autumn,high,low,48.309177472348765,70.5,9,2022,260
2022-09-17,Butter,Dairy,Autumn,low,high,141.08653895760165,100.27,9,2022,260
2022-09-17,Yogurt,Dairy,Autumn,high,low,132.47733792925982,191.95,9,2022,260
2022-09-17,Cream,Dairy,Autumn,medium,high,183.0956708866269,177.15,9,2022,260
2022-09-17,Chicken,Meat,Autumn,low,high,29.330443841551222,21.01,9,2022,260
2022-09-17,Beef,Meat,Autumn,high,high,75.21978791398541,93.65,9,2022,260
2022-09-17,Pork,Meat,Autumn,low,high,80.12899382037845,58.79,9,2022,260
2022-09-17,Fish,Meat,Autumn,high,none,32.30357605579255,44.21,9,2022,260
2022-09-17,Lamb,Meat,Autumn,high,low,97.89803832786727,128.54,9,2022,260
2022-09-24,Tomatoes,Vegetables,Autumn,high,medium,30.18541810640881,42.3,9,2022,267
2022-09-24,Potatoes,Vegetables,Autumn,medium,medium,135.51219151374048,137.71,9,2022,267
2022-09-24,Onions,Vegetables,Autumn,high,high,55.81858501269862,71.25,9,2022,267
2022-09-24,Carrots,Vegetables,Autumn,low,high,38.24712155956865,27.33,9,2022,267
2022-09-24,Spinach,Vegetables,Autumn,low,high,97.76340696701108,66.8,9,2022,267
2022-09-24,Apples,Fruits,Autumn,low,low,113.3661789885071,103.7,9,2022,267
2022-09-24,Bananas,Fruits,Autumn,medium,none,40.39463085094356,46.55,9,2022,267
2022-09-24,Oranges,Fruits,Autumn,low,none,146.81979704494015,125.24,9,2022,267
2022-09-24,Mangoes,Fruits,Autumn,high,medium,91.5702281395167,110.91,9,2022,267
2022-09-24,Grapes,Fruits,Autumn,medium,high,106.94714556060019,100.99,9,2022,267
2022-09-24,Rice,Grains,Autumn,medium,medium,144.1601928646618,145.44,9,2022,267
2022-09-24,Wheat,Grains,Autumn,high,low,50.97990850809998,63.28,9,2022,267
2022-09-24,Corn,Grains,Autumn,high,high,97.46745494434279,108.81,9,2022,267
2022-09-24,Barley,Grains,Autumn,low,low,119.60822290280733,104.07,9,2022,267
2022-09-24,Oats,Grains,Autumn,high,low,87.1867666032966,117.28,9,2022,267
2022-09-24,Milk,Dairy,Autumn,medium,none,140.9700869754056,155.87,9,2022,267
2022-09-24,Cheese,Dairy,Autumn,medium,none,64.91438603088476,66.75,9,2022,267
2022-09-24,Butter,Dairy,Autumn,low,low,41.07188745635035,35.11,9,2022,267
2022-09-24,Yogurt,Dairy,Autumn,high,high,58.35530156326547,63.93,9,2022,267
2022-09-24,Cream,Dairy,Autumn,medium,low,159.01418272976173,172.16,9,2022,267
2022-09-24,Chicken,Meat,Autumn,low,none,93.46730435600566,83.62,9,2022,267
2022-09-24,Beef,Meat,Autumn,high,none,65.55827705232957,88.51,9,2022,267
2022-09-24,Pork,Meat,Autumn,medium,low,150.6306638655386,164.95,9,2022,267
2022-09-24,Fish,Meat,Autumn,medium,none,58.640215515056624,64.48,9,2022,267
2022-09-24,Lamb,Meat,Autumn,medium,medium,153.70849548313691,164.04,9,2022,267
2022-10-01,Tomatoes,Vegetables,Winter,low,high,35.17423663004307,30.78,10,2022,274
2022-10-01,Potatoes,Vegetables,Winter,high,none,167.1054160460278,257.47,10,2022,274
2022-10-01,Onions,Vegetables,Winter,low,medium,199.32721157447781,176.96,10,2022,274
2022-10-01,Carrots,Vegetables,Winter,low,high,63.563974396557896,53.47,10,2022,274
2022-10-01,Spinach,Vegetables,Winter,high,high,167.3065219666407,240.11,10,2022,274
2022-10-01,Apples,Fruits,Winter,low,none,25.310729926137068,21.95,10,2022,274
2022-10-01,Bananas,Fruits,Winter,medium,high,33.88613033712474,33.56,10,2022,274
2022-10-01,Oranges,Fruits,Winter,medium,low,96.45887547650952,112.1,10,2022,274
2022-10-01,Mangoes,Fruits,Winter,medium,high,127.06457864200213,125.28,10,2022,274
2022-10-01,Grapes,Fruits,Winter,high,medium,179.2935754725058,251.4,10,2022,274
2022-10-01,Rice,Grains,Winter,medium,medium,70.99485723648752,78.47,10,2022,274
2022-10-01,Wheat,Grains,Winter,high,low,153.71866886022903,218.31,10,2022,274
2022-10-01,Corn,Grains,Winter,low,none,158.7336555629993,143.43,10,2022,274
2022-10-01,Barley,Grains,Winter,high,none,163.94937751367502,274.44,10,2022,274
2022-10-01,Oats,Grains,Winter,low,none,184.74629328520814,160.86,10,2022,274
2022-10-01,Milk,Dairy,Winter,medium,none,161.72720210091902,208.58,10,2022,274
2022-10-01,Cheese,Dairy,Winter,medium,low,134.831767283253,153.69,10,2022,274
2022-10-01,Butter,Dairy,Winter,high,none,116.30459082780791,191.74,10,2022,274
2022-10-01,Yogurt,Dairy,Winter,high,low,95.4901301000549,149.59,10,2022,274
2022-10-01,Cream,Dairy,Winter,low,high,127.79217201429901,106.16,10,2022,274
2022-10-01,Chicken,Meat,Winter,high,low,93.37391443633804,125.33,10,2022,274
2022-10-01,Beef,Meat,Winter,low,medium,57.805282912930686,52.07,10,2022,274
2022-10-01,Pork,Meat,Winter,low,none,22.068645193660757,22.98,10,2022,274
2022-10-01,Fish,Meat,Winter,low,none,40.13851097884229,40.74,10,2022,274
2022-10-01,Lamb,Meat,Winter,medium,medium,189.655635353621,213.86,10,2022,274
2022-10-08,Tomatoes,Vegetables,Winter,high,medium,168.76785623523725,251.44,10,2022,281
2022-10-08,Potatoes,Vegetables,Winter,high,high,21.433592854181203,28.72,10,2022,281
2022-10-08,Onions,Vegetables,Winter,low,medium,65.87880480467882,52.1,10,2022,281
2022-10-08,Carrots,Vegetables,Winter,low,medium,177.07444445843035,144.3,10,2022,281
2022-10-08,Spinach,Vegetables,Winter,low,high,165.67839169134723,138.77,10,2022,281
2022-10-08,Apples,Fruits,Winter,medium,medium,87.23363184194376,89.16,10,2022,281
2022-10-08,Bananas,Fruits,Winter,low,none,77.34961329744928,67.98,10,2022,281
2022-10-08,Oranges,Fruits,Winter,high,low,169.19682972553255,251.83,10,2022,281
2022-10-08,Mangoes,Fruits,Winter,high,none,163.00741405672832,246.4,10,2022,281
2022-10-08,Grapes,Fruits,Winter,medium,none,103.13182662951986,111.71,10,2022,281
2022-10-08,Rice,Grains,Winter,high,none,73.26971999455819,112.27,10,2022,281
2022-10-08,Wheat,Grains,Winter,high,high,149.9472609528223,183.62,10,2022,281
2022-10-08,Corn,Grains,Winter,low,low,49.75120822573234,45.66,10,2022,281
2022-10-08,Barley,Grains,Winter,medium,low,162.09779495513442,186.32,10,2022,281
2022-10-08,Oats,Grains,Winter,medium,medium,82.14139166059505,92.84,10,2022,281
2022-10-08,Milk,Dairy,Winter,medium,low,178.6992468198883,209.2,10,2022,281
2022-10-08,Cheese,Dairy,Winter,medium,none,124.78588536400373,141.11,10,2022,281
2022-10-08,Butter,Dairy,Winter,high,medium,75.98044905188245,101.21,10,2022,281
2022-10-08,Yogurt,Dairy,Winter,medium,medium,68.16814379510735,77.29,10,2022,281
2022-10-08,Cream,Dairy,Winter,high,none,122.94419669310813,188.52,10,2022,281
2022-10-08,Chicken,Meat,Winter,low,medium,155.6957132906465,139.34,10,2022,281
2022-10-08,Beef,Meat,Winter,medium,none,94.13565327514928,106.27,10,2022,281
2022-10-08,Pork,Meat,Winter,low,low,78.95938973242383,73.1,10,2022,281
2022-10-08,Fish,Meat,Winter,high,none,23.985465585073303,38.89,10,2022,281
2022-10-08,Lamb,Meat,Winter,low,none,109.22667504174039,103.58,10,2022,281
2022-10-15,Tomatoes,Vegetables,Winter,low,medium,196.47840264866693,156.66,10,2022,288
2022-10-15,Potatoes,Vegetables,Winter,high,medium,157.6641750426699,233.45,10,2022,288
2022-10-15,Onions,Vegetables,Winter,low,none,191.25956517062258,187.7,10,2022,288
2022-10-15,Carrots,Vegetables,Winter,high,none,174.31560242495135,266.94,10,2022,288
2022-10-15,Spinach,Vegetables,Winter,high,high,179.41155756351918,248.11,10,2022,288
2022-10-15,Apples,Fruits,Winter,medium,high,178.68142188933626,189.45,10,2022,288
2022-10-15,Bananas,Fruits,Winter,low,none,155.4748929329305,160.43,10,2022,288
2022-10-15,Oranges,Fruits,Winter,high,low,56.61856552449642,88.8,10,2022,288
2022-10-15,Mangoes,Fruits,Winter,high,medium,101.23294034526589,152.22,10,2022,288
2022-10-15,Grapes,Fruits,Winter,high,medium,178.8607778190225,229.81,10,2022,288
2022-10-15,Rice,Grains,Winter,medium,medium,89.80869618504762,92.74,10,2022,288
2022-10-15,Wheat,Grains,Winter,medium,low,57.43214467209019,64.02,10,2022,288
2022-10-15,Corn,Grains,Winter,high,high,117.51697356816139,157.25,10,2022,288
2022-10-15,Barley,Grains,Winter,medium,low,196.70732165380548,224.85,10,2022,288
2022-10-15,Oats,Grains,Winter,low,medium,198.05919571239502,155.48,10,2022,288
2022-10-15,Milk,Dairy,Winter,high,low,100.34964024737506,155.54,10,2022,288
2022-10-15,Cheese,Dairy,Winter,high,low,129.5136084584032,187.12,10,2022,288
2022-10-15,Butter,Dairy,Winter,high,low,86.50674812564846,124.36,10,2022,288
2022-10-15,Yogurt,Dairy,Winter,medium,medium,187.2719124071707,215.66,10,2022,288
2022-10-15,Cream,Dairy,Winter,low,high,171.61859085498813,143.74,10,2022,288
2022-10-15,Chicken,Meat,Winter,high,high,37.16688840915055,45.01,10,2022,288
2022-10-15,Beef,Meat,Winter,medium,low,157.97270891586524,190.24,10,2022,288
2022-10-15,Pork,Meat,Winter,high,high,155.31445863125128,206.69,10,2022,288
2022-10-15,Fish,Meat,Winter,low,medium,45.2584132748327,40.05,10,2022,288
2022-10-15,Lamb,Meat,Winter,high,high,153.6055736958357,191.26,10,2022,288
2022-10-22,Tomatoes,Vegetables,Winter,low,low,180.27371309947912,177.83,10,2022,295
2022-10-22,Potatoes,Vegetables,Winter,high,none,156.56875780950574,251.78,10,2022,295
2022-10-22,Onions,Vegetables,Winter,low,none,180.0430263092018,177.42,10,2022,295
2022-10-22,Carrots,Vegetables,Winter,medium,none,48.1658088806481,60.3,10,2022,295
2022-10-22,Spinach,Vegetables,Winter,high,none,68.76968569694577,101.73,10,2022,295
2022-10-22,Apples,Fruits,Winter,medium,low,58.684274666551254,72.36,10,2022,295
2022-10-22,Bananas,Fruits,Winter,high,high,111.27073641296928,135.06,10,2022,295
2022-10-22,Oranges,Fruits,Winter,high,low,145.30810612482654,213.23,10,2022,295
2022-10-22,Mangoes,Fruits,Winter,low,high,192.52961042019322,158.65,10,2022,295
2022-10-22,Grapes,Fruits,Winter,high,low,115.98525187023844,180.42,10,2022,295
2022-10-22,Rice,Grains,Winter,medium,none,60.507537710756985,77.34,10,2022,295
2022-10-22,Wheat,Grains,Winter,medium,none,103.36064849075207,127.87,10,2022,295
2022-10-22,Corn,Grains,Winter,medium,medium,168.27813124384213,191.8,10,2022,295
2022-10-22,Barley,Grains,Winter,high,medium,167.89662793311882,221.0,10,2022,295
2022-10-22,Oats,Grains,Winter,low,high,35.909290457213366,28.53,10,2022,295
2022-10-22,Milk,Dairy,Winter,low,none,97.82232075260251,89.39,10,2022,295
2022-10-22,Cheese,Dairy,Winter,low,high,26.061752697403524,20.17,10,2022,295
2022-10-22,Butter,Dairy,Winter,medium,low,120.32069052314145,144.95,10,2022,295
2022-10-22,Yogurt,Dairy,Winter,medium,medium,97.21728773136029,105.29,10,2022,295
2022-10-22,Cream,Dairy,Winter,high,high,152.52119885513903,208.99,10,2022,295
2022-10-22,Chicken,Meat,Winter,high,none,36.97893673238785,58.57,10,2022,295
2022-10-22,Beef,Meat,Winter,high,high,32.10606451412622,46.0,10,2022,295
2022-10-22,Pork,Meat,Winter,high,high,188.04279502237665,258.03,10,2022,295
2022-10-22,Fish,Meat,Winter,high,medium,21.02934464494207,29.95,10,2022,295
2022-10-22,Lamb,Meat,Winter,low,none,74.72544904063993,78.35,10,2022,295
2022-10-29,Tomatoes,Vegetables,Winter,low,medium,180.50795573649427,153.03,10,2022,302
2022-10-29,Potatoes,Vegetables,Winter,low,medium,22.465739073604617,17.53,10,2022,302
2022-10-29,Onions,Vegetables,Winter,medium,none,23.08696074473566,29.16,10,2022,302
2022-10-29,Carrots,Vegetables,Winter,high,high,27.00884300377981,36.67,10,2022,302
2022-10-29,Spinach,Vegetables,Winter,low,none,121.41116312827522,114.28,10,2022,302
2022-10-29,Apples,Fruits,Winter,low,none,90.30684936472079,91.15,10,2022,302
2022-10-29,Bananas,Fruits,Winter,medium,none,99.61288498120435,116.89,10,2022,302
2022-10-29,Oranges,Fruits,Winter,high,medium,61.19758324702982,93.28,10,2022,302
2022-10-29,Mangoes,Fruits,Winter,high,high,187.2451136027833,249.66,10,2022,302
2022-10-29,Grapes,Fruits,Winter,high,none,58.094461742575014,99.35,10,2022,302
2022-10-29,Rice,Grains,Winter,low,low,136.91160734734052,130.24,10,2022,302
2022-10-29,Wheat,Grains,Winter,high,high,126.76847942710427,166.57,10,2022,302
2022-10-29,Corn,Grains,Winter,high,low,141.4615343901339,204.33,10,2022,302
2022-10-29,Barley,Grains,Winter,low,high,189.5045575984455,154.65,10,2022,302
2022-10-29,Oats,Grains,Winter,high,none,144.3591157791481,231.89,10,2022,302
2022-10-29,Milk,Dairy,Winter,high,none,69.55187842133483,111.45,10,2022,302
2022-10-29,Cheese,Dairy,Winter,high,high,127.87438090509879,176.52,10,2022,302
2022-10-29,Butter,Dairy,Winter,high,none,101.93095851205815,169.74,10,2022,302
2022-10-29,Yogurt,Dairy,Winter,medium,high,50.55111714384617,46.66,10,2022,302
2022-10-29,Cream,Dairy,Winter,high,high,50.85815180789769,66.83,10,2022,302
2022-10-29,Chicken,Meat,Winter,medium,medium,143.4260977280559,159.21,10,2022,302
2022-10-29,Beef,Meat,Winter,low,none,191.6363176132716,187.08,10,2022,302
2022-10-29,Pork,Meat,Winter,medium,high,170.0825511653889,158.86,10,2022,302
2022-10-29,Fish,Meat,Winter,high,low,153.30165018671178,236.4,10,2022,302
2022-10-29,Lamb,Meat,Winter,medium,low,31.97496947795394,39.48,10,2022,302
2022-11-05,Tomatoes,Vegetables,Spring,high,high,130.93660860192136,150.2,11,2022,309
2022-11-05,Potatoes,Vegetables,Spring,low,medium,127.41975559310413,98.83,11,2022,309
2022-11-05,Onions,Vegetables,Spring,low,medium,55.39764529153257,38.18,11,2022,309
2022-11-05,Carrots,Vegetables,Spring,high,medium,164.47525622352734,174.35,11,2022,309
2022-11-05,Spinach,Vegetables,Spring,high,medium,181.52585584236775,232.49,11,2022,309
2022-11-05,Apples,Fruits,Spring,high,none,103.70171315475697,123.01,11,2022,309
2022-11-05,Bananas,Fruits,Spring,high,none,80.35022901409323,114.39,11,2022,309
2022-11-05,Oranges,Fruits,Spring,medium,low,167.0553033089306,152.55,11,2022,309
2022-11-05,Mangoes,Fruits,Spring,medium,low,119.33788455581342,111.47,11,2022,309
2022-11-05,Grapes,Fruits,Spring,high,high,50.261263111873255,50.6,11,2022,309
2022-11-05,Rice,Grains,Spring,high,none,189.62902172040984,247.99,11,2022,309
2022-11-05,Wheat,Grains,Spring,low,high,197.35468981171138,123.85,11,2022,309
2022-11-05,Corn,Grains,Spring,high,high,21.567106471257844,22.44,11,2022,309
2022-11-05,Barley,Grains,Spring,low,low,133.50456948495662,91.73,11,2022,309
2022-11-05,Oats,Grains,Spring,low,high,168.79130219044796,118.77,11,2022,309
2022-11-05,Milk,Dairy,Spring,low,low,31.261671599501284,25.23,11,2022,309
2022-11-05,Cheese,Dairy,Spring,medium,medium,46.44594624507874,45.87,11,2022,309
2022-11-05,Butter,Dairy,Spring,medium,low,68.84587343702191,69.71,11,2022,309
2022-11-05,Yogurt,Dairy,Spring,medium,high,147.20159606198598,116.51,11,2022,309
2022-11-05,Cream,Dairy,Spring,medium,high,106.12930092607314,86.67,11,2022,309
2022-11-05,Chicken,Meat,Spring,medium,medium,76.10416913270745,62.77,11,2022,309
2022-11-05,Beef,Meat,Spring,high,low,102.72513029845214,135.05,11,2022,309
2022-11-05,Pork,Meat,Spring,medium,none,30.25617085952629,28.38,11,2022,309
2022-11-05,Fish,Meat,Spring,medium,medium,82.4712263298911,81.52,11,2022,309
2022-11-05,Lamb,Meat,Spring,medium,medium,139.5563083529214,114.17,11,2022,309
2022-11-12,Tomatoes,Vegetables,Spring,low,none,42.74416663661191,36.01,11,2022,316
2022-11-12,Potatoes,Vegetables,Spring,medium,medium,189.27545731413446,171.12,11,2022,316
2022-11-12,Onions,Vegetables,Spring,low,medium,104.75612412017182,76.32,11,2022,316
2022-11-12,Carrots,Vegetables,Spring,high,none,143.66704710484652,200.21,11,2022,316
2022-11-12,Spinach,Vegetables,Spring,high,medium,93.22486417131024,108.07,11,2022,316
2022-11-12,Apples,Fruits,Spring,medium,high,157.24045256147633,125.54,11,2022,316
2022-11-12,Bananas,Fruits,Spring,low,low,191.26006861935656,147.33,11,2022,316
2022-11-12,Oranges,Fruits,Spring,medium,low,124.27660399914882,121.48,11,2022,316
2022-11-12,Mangoes,Fruits,Spring,high,high,61.368810643571315,66.08,11,2022,316
2022-11-12,Grapes,Fruits,Spring,medium,medium,139.10010673325402,126.96,11,2022,316
2022-11-12,Rice,Grains,Spring,medium,medium,53.34866396899827,45.31,11,2022,316
2022-11-12,Wheat,Grains,Spring,medium,high,52.91080037638708,43.05,11,2022,316
2022-11-12,Corn,Grains,Spring,high,high,186.8822807356009,201.18,11,2022,316
2022-11-12,Barley,Grains,Spring,high,low,161.4157586352429,194.06,11,2022,316
2022-11-12,Oats,Grains,Spring,low,medium,35.663099294501976,27.45,11,2022,316
2022-11-12,Milk,Dairy,Spring,medium,high,163.26674968583043,143.57,11,2022,316
2022-11-12,Cheese,Dairy,Spring,medium,none,59.69076741841648,64.16,11,2022,316
2022-11-12,Butter,Dairy,Spring,medium,high,64.94041149324143,49.69,11,2022,316
2022-11-12,Yogurt,Dairy,Spring,medium,none,176.72042614259317,181.22,11,2022,316
2022-11-12,Cream,Dairy,Spring,medium,high,155.04783750899162,130.69,11,2022,316
2022-11-12,Chicken,Meat,Spring,low,high,83.21948972278057,56.43,11,2022,316
2022-11-12,Beef,Meat,Spring,low,medium,185.73313706167437,128.15,11,2022,316
2022-11-12,Pork,Meat,Spring,medium,medium,57.35736851702662,55.84,11,2022,316
2022-11-12,Fish,Meat,Spring,low,high,104.25242976217223,74.59,11,2022,316
2022-11-12,Lamb,Meat,Spring,medium,low,47.80859672088664,44.78,11,2022,316
2022-11-19,Tomatoes,Vegetables,Spring,high,none,127.4439242983981,174.61,11,2022,323
2022-11-19,Potatoes,Vegetables,Spring,medium,low,91.61582654313689,81.3,11,2022,323
2022-11-19,Onions,Vegetables,Spring,low,high,25.48346353561282,16.78,11,2022,323
2022-11-19,Carrots,Vegetables,Spring,high,none,111.90453634272077,144.55,11,2022,323
2022-11-19,Spinach,Vegetables,Spring,low,medium,159.23949353567969,117.55,11,2022,323
2022-11-19,Apples,Fruits,Spring,low,high,70.12473120695941,51.77,11,2022,323
2022-11-19,Bananas,Fruits,Spring,high,medium,199.35169286222998,230.86,11,2022,323
2022-11-19,Oranges,Fruits,Spring,high,high,62.74614021540635,72.45,11,2022,323
2022-11-19,Mangoes,Fruits,Spring,low,high,40.086739992304544,26.07,11,2022,323
2022-11-19,Grapes,Fruits,Spring,low,medium,51.22928906390396,39.11,11,2022,323
2022-11-19,Rice,Grains,Spring,high,medium,90.57684384282308,98.04,11,2022,323
2022-11-19,Wheat,Grains,Spring,medium,none,159.09885553971424,170.44,11,2022,323
2022-11-19,Corn,Grains,Spring,medium,low,170.3118701819036,147.76,11,2022,323
2022-11-19,Barley,Grains,Spring,high,low,23.44798739922552,26.57,11,2022,323
2022-11-19,Oats,Grains,Spring,high,medium,70.90420352068995,79.52,11,2022,323
2022-11-19,Milk,Dairy,Spring,medium,medium,79.79700277051789,65.23,11,2022,323
2022-11-19,Cheese,Dairy,Spring,high,none,134.67704614839965,180.45,11,2022,323
2022-11-19,Butter,Dairy,Spring,medium,low,54.61578128605294,56.53,11,2022,323
2022-11-19,Yogurt,Dairy,Spring,medium,low,179.27392118528078,184.38,11,2022,323
2022-11-19,Cream,Dairy,Spring,low,high,81.15864361379188,57.15,11,2022,323
2022-11-19,Chicken,Meat,Spring,high,high,117.74385755601755,142.86,11,2022,323
2022-11-19,Beef,Meat,Spring,high,low,76.13829843747054,86.11,11,2022,323
2022-11-19,Pork,Meat,Spring,low,low,99.70366457787274,73.4,11,2022,323
2022-11-19,Fish,Meat,Spring,high,high,170.22292224601298,176.27,11,2022,323
2022-11-19,Lamb,Meat,Spring,medium,high,87.05160767962386,69.03,11,2022,323
2022-11-26,Tomatoes,Vegetables,Spring,high,high,63.19808549659235,67.62,11,2022,330
2022-11-26,Potatoes,Vegetables,Spring,high,low,100.78018471903066,116.73,11,2022,330
2022-11-26,Onions,Vegetables,Spring,medium,low,20.90477946976456,21.47,11,2022,330
2022-11-26,Carrots,Vegetables,Spring,medium,medium,136.55296367180534,132.84,11,2022,330
2022-11-26,Spinach,Vegetables,Spring,medium,medium,167.13341251509968,137.05,11,2022,330
2022-11-26,Apples,Fruits,Spring,low,none,21.238033199536876,16.14,11,2022,330
2022-11-26,Bananas,Fruits,Spring,high,medium,149.08170232499484,169.43,11,2022,330
2022-11-26,Oranges,Fruits,Spring,high,high,156.34360018112918,179.36,11,2022,330
2022-11-26,Mangoes,Fruits,Spring,low,low,68.89397262938652,49.06,11,2022,330
2022-11-26,Grapes,Fruits,Spring,low,high,81.57937175544693,59.15,11,2022,330
2022-11-26,Rice,Grains,Spring,medium,none,41.58039682508817,41.84,11,2022,330
2022-11-26,Wheat,Grains,Spring,high,low,71.83016168167865,85.16,11,2022,330
2022-11-26,Corn,Grains,Spring,medium,none,127.29475194289508,118.75,11,2022,330
2022-11-26,Barley,Grains,Spring,low,low,40.984953420025406,33.66,11,2022,330
2022-11-26,Oats,Grains,Spring,high,medium,81.91238358038339,98.88,11,2022,330
2022-11-26,Milk,Dairy,Spring,high,low,187.67988457570658,232.86,11,2022,330
2022-11-26,Cheese,Dairy,Spring,medium,low,145.94418363056752,133.84,11,2022,330
2022-11-26,Butter,Dairy,Spring,high,medium,21.94599505433534,27.22,11,2022,330
2022-11-26,Yogurt,Dairy,Spring,low,none,38.80181325802725,30.82,11,2022,330
2022-11-26,Cream,Dairy,Spring,low,low,41.367637191640064,29.65,11,2022,330
2022-11-26,Chicken,Meat,Spring,medium,none,32.10215241630101,33.38,11,2022,330
2022-11-26,Beef,Meat,Spring,high,high,131.04992492921036,136.79,11,2022,330
2022-11-26,Pork,Meat,Spring,low,medium,177.15959169756098,133.89,11,2022,330
2022-11-26,Fish,Meat,Spring,low,low,121.02602205348633,90.57,11,2022,330
2022-11-26,Lamb,Meat,Spring,high,medium,162.84271781698428,201.27,11,2022,330
2022-12-03,Tomatoes,Vegetables,Summer,medium,medium,63.21273328776197,47.27,12,2022,337
2022-12-03,Potatoes,Vegetables,Summer,low,medium,24.905002151146718,15.23,12,2022,337
2022-12-03,Onions,Vegetables,Summer,low,none,198.09771784033367,132.3,12,2022,337
2022-12-03,Carrots,Vegetables,Summer,medium,none,143.97725734604575,135.93,12,2022,337
2022-12-03,Spinach,Vegetables,Summer,high,none,33.75917498710058,41.82,12,2022,337
2022-12-03,Apples,Fruits,Summer,low,none,48.49470201901058,35.32,12,2022,337
2022-12-03,Bananas,Fruits,Summer,medium,none,48.08644604119584,42.05,12,2022,337
2022-12-03,Oranges,Fruits,Summer,high,low,184.32064005258357,191.87,12,2022,337
2022-12-03,Mangoes,Fruits,Summer,high,low,45.12779612476402,52.79,12,2022,337
2022-12-03,Grapes,Fruits,Summer,high,none,160.67101659359278,176.87,12,2022,337
2022-12-03,Rice,Grains,Summer,low,low,23.016134808628834,14.41,12,2022,337
2022-12-03,Wheat,Grains,Summer,medium,low,95.73701631786665,89.01,12,2022,337
2022-12-03,Corn,Grains,Summer,medium,low,76.12438465203836,67.09,12,2022,337
2022-12-03,Barley,Grains,Summer,low,none,131.4630257696447,98.72,12,2022,337
2022-12-03,Oats,Grains,Summer,high,medium,32.321081461883026,34.8,12,2022,337
2022-12-03,Milk,Dairy,Summer,high,none,188.92678847854782,227.6,12,2022,337
2022-12-03,Cheese,Dairy,Summer,high,high,61.66641726433788,66.73,12,2022,337
2022-12-03,Butter,Dairy,Summer,low,none,28.421452094918333,19.95,12,2022,337
2022-12-03,Yogurt,Dairy,Summer,low,medium,65.96054727738394,41.5,12,2022,337
2022-12-03,Cream,Dairy,Summer,medium,high,94.37105309738952,74.48,12,2022,337
2022-12-03,Chicken,Meat,Summer,high,low,32.61946513542625,33.95,12,2022,337
2022-12-03,Beef,Meat,Summer,medium,high,48.226286957025025,36.3,12,2022,337
2022-12-03,Pork,Meat,Summer,low,low,50.27665803797328,34.78,12,2022,337
2022-12-03,Fish,Meat,Summer,high,medium,61.64851454783265,61.83,12,2022,337
2022-12-03,Lamb,Meat,Summer,medium,high,76.34902611136644,53.15,12,2022,337
2022-12-10,Tomatoes,Vegetables,Summer,high,low,103.63037038561475,110.96,12,2022,344
2022-12-10,Potatoes,Vegetables,Summer,medium,low,71.4259269280576,58.81,12,2022,344
2022-12-10,Onions,Vegetables,Summer,low,none,27.749432488820343,19.57,12,2022,344
2022-12-10,Carrots,Vegetables,Summer,medium,none,99.90268981758409,92.75,12,2022,344
2022-12-10,Spinach,Vegetables,Summer,medium,none,21.450638601581563,19.04,12,2022,344
2022-12-10,Apples,Fruits,Summer,high,low,88.2272873689463,93.18,12,2022,344
2022-12-10,Bananas,Fruits,Summer,medium,high,171.95821855150575,125.61,12,2022,344
2022-12-10,Oranges,Fruits,Summer,medium,high,182.28494095167216,150.17,12,2022,344
2022-12-10,Mangoes,Fruits,Summer,medium,medium,120.69297663092425,101.92,12,2022,344
2022-12-10,Grapes,Fruits,Summer,high,high,145.40512005861473,136.91,12,2022,344
2022-12-10,Rice,Grains,Summer,medium,high,57.95952098254186,47.05,12,2022,344
2022-12-10,Wheat,Grains,Summer,medium,high,190.41612404460332,149.15,12,2022,344
2022-12-10,Corn,Grains,Summer,medium,medium,101.7925678063915,90.66,12,2022,344
2022-12-10,Barley,Grains,Summer,medium,none,54.40377592080143,48.29,12,2022,344
2022-12-10,Oats,Grains,Summer,low,medium,74.80865589481115,44.27,12,2022,344
2022-12-10,Milk,Dairy,Summer,low,medium,179.6814771002657,116.36,12,2022,344
2022-12-10,Cheese,Dairy,Summer,low,high,185.04956867616485,104.88,12,2022,344
2022-12-10,Butter,Dairy,Summer,high,none,121.77559416939363,150.95,12,2022,344
2022-12-10,Yogurt,Dairy,Summer,medium,low,150.36185857015087,124.46,12,2022,344
2022-12-10,Cream,Dairy,Summer,low,low,164.8934714718658,105.11,12,2022,344
2022-12-10,Chicken,Meat,Summer,medium,medium,80.41218913602411,61.68,12,2022,344
2022-12-10,Beef,Meat,Summer,medium,none,169.42717693962527,146.53,12,2022,344
2022-12-10,Pork,Meat,Summer,medium,high,67.61284471799088,49.42,12,2022,344
2022-12-10,Fish,Meat,Summer,medium,low,26.46743279347514,21.33,12,2022,344
2022-12-10,Lamb,Meat,Summer,high,low,95.60073333465289,113.87,12,2022,344
2022-12-17,Tomatoes,Vegetables,Summer,medium,none,151.60832200188509,144.29,12,2022,351
2022-12-17,Potatoes,Vegetables,Summer,medium,high,75.15790808660688,55.93,12,2022,351
2022-12-17,Onions,Vegetables,Summer,medium,low,121.91870283547098,95.11,12,2022,351
2022-12-17,Carrots,Vegetables,Summer,high,medium,116.36622941269722,128.7,12,2022,351
2022-12-17,Spinach,Vegetables,Summer,high,low,43.75375753231312,45.66,12,2022,351
2022-12-17,Apples,Fruits,Summer,low,low,36.775301521285044,23.46,12,2022,351
2022-12-17,Bananas,Fruits,Summer,low,high,59.920756074617344,34.91,12,2022,351
2022-12-17,Oranges,Fruits,Summer,medium,high,35.766433533070355,25.68,12,2022,351
2022-12-17,Mangoes,Fruits,Summer,high,high,29.10065383271701,27.71,12,2022,351
2022-12-17,Grapes,Fruits,Summer,medium,low,70.35427419843279,62.11,12,2022,351
2022-12-17,Rice,Grains,Summer,low,none,176.71409866702828,133.02,12,2022,351
2022-12-17,Wheat,Grains,Summer,high,low,107.19041340815286,120.4,12,2022,351
2022-12-17,Corn,Grains,Summer,low,high,58.9250950735752,34.59,12,2022,351
2022-12-17,Barley,Grains,Summer,low,high,183.9444807745664,117.84,12,2022,351
2022-12-17,Oats,Grains,Summer,medium,low,82.38057676697858,65.16,12,2022,351
2022-12-17,Milk,Dairy,Summer,medium,high,50.833092407900665,39.55,12,2022,351
2022-12-17,Cheese,Dairy,Summer,medium,none,80.7558438590874,69.0,12,2022,351
2022-12-17,Butter,Dairy,Summer,medium,high,195.6858857480367,161.55,12,2022,351
2022-12-17,Yogurt,Dairy,Summer,high,medium,73.51169677063876,76.03,12,2022,351
2022-12-17,Cream,Dairy,Summer,high,medium,63.29568533242677,71.0,12,2022,351
2022-12-17,Chicken,Meat,Summer,medium,low,141.15658356401906,109.71,12,2022,351
2022-12-17,Beef,Meat,Summer,high,none,138.1494546892581,148.12,12,2022,351
2022-12-17,Pork,Meat,Summer,medium,none,26.28906435307792,25.99,12,2022,351
2022-12-17,Fish,Meat,Summer,high,high,48.11627142750787,52.42,12,2022,351
2022-12-17,Lamb,Meat,Summer,high,none,162.88725870344715,190.85,12,2022,351
2022-12-24,Tomatoes,Vegetables,Summer,high,none,134.82233741953308,166.2,12,2022,358
2022-12-24,Potatoes,Vegetables,Summer,medium,low,98.18506966541919,85.94,12,2022,358
2022-12-24,Onions,Vegetables,Summer,medium,medium,139.76573751540278,123.05,12,2022,358
2022-12-24,Carrots,Vegetables,Summer,low,medium,144.03577767468136,94.38,12,2022,358
2022-12-24,Spinach,Vegetables,Summer,medium,medium,160.31300625633142,138.12,12,2022,358
2022-12-24,Apples,Fruits,Summer,low,medium,27.224994635365974,19.38,12,2022,358
2022-12-24,Bananas,Fruits,Summer,low,low,72.93214319182,52.79,12,2022,358
2022-12-24,Oranges,Fruits,Summer,high,low,128.4445695266219,136.71,12,2022,358
2022-12-24,Mangoes,Fruits,Summer,high,none,36.78886042007058,39.9,12,2022,358
2022-12-24,Grapes,Fruits,Summer,high,none,47.31957377319837,60.28,12,2022,358
2022-12-24,Rice,Grains,Summer,medium,high,157.84922706228377,108.71,12,2022,358
2022-12-24,Wheat,Grains,Summer,low,high,88.05813856174115,50.94,12,2022,358
2022-12-24,Corn,Grains,Summer,low,none,144.62377510779456,107.49,12,2022,358
2022-12-24,Barley,Grains,Summer,high,none,137.40236356383934,165.6,12,2022,358
2022-12-24,Oats,Grains,Summer,low,high,58.22011537164043,37.07,12,2022,358
2022-12-24,Milk,Dairy,Summer,medium,high,40.419347078705016,30.79,12,2022,358
2022-12-24,Cheese,Dairy,Summer,low,high,187.19471897220183,103.74,12,2022,358
2022-12-24,Butter,Dairy,Summer,low,low,132.09181081270998,96.53,12,2022,358
2022-12-24,Yogurt,Dairy,Summer,medium,none,106.8884251538482,99.53,12,2022,358
2022-12-24,Cream,Dairy,Summer,medium,medium,150.36581494984398,125.05,12,2022,358
2022-12-24,Chicken,Meat,Summer,medium,none,164.99466444369025,157.58,12,2022,358
2022-12-24,Beef,Meat,Summer,low,medium,126.56303170203131,82.02,12,2022,358
2022-12-24,Pork,Meat,Summer,medium,none,32.49093546275301,29.83,12,2022,358
2022-12-24,Fish,Meat,Summer,medium,high,81.3725428584005,57.9,12,2022,358
2022-12-24,Lamb,Meat,Summer,low,high,173.28697747475942,110.86,12,2022,358
2022-12-31,Tomatoes,Vegetables,Summer,low,high,161.25854272849784,100.77,12,2022,365
2022-12-31,Potatoes,Vegetables,Summer,low,high,75.41954876292489,47.21,12,2022,365
2022-12-31,Onions,Vegetables,Summer,high,high,124.61517626977218,130.28,12,2022,365
2022-12-31,Carrots,Vegetables,Summer,low,high,34.700109654817325,20.5,12,2022,365
2022-12-31,Spinach,Vegetables,Summer,high,medium,42.999437502198276,41.14,12,2022,365
2022-12-31,Apples,Fruits,Summer,low,none,143.23271496769394,110.08,12,2022,365
2022-12-31,Bananas,Fruits,Summer,medium,high,42.926505220618594,34.9,12,2022,365
2022-12-31,Oranges,Fruits,Summer,medium,medium,186.36576942856087,150.93,12,2022,365
2022-12-31,Mangoes,Fruits,Summer,high,high,77.28716744943065,79.09,12,2022,365
2022-12-31,Grapes,Fruits,Summer,medium,medium,71.88528389012633,62.78,12,2022,365
2022-12-31,Rice,Grains,Summer,high,none,22.454124303047863,26.56,12,2022,365
2022-12-31,Wheat,Grains,Summer,medium,medium,46.67914317787843,40.19,12,2022,365
2022-12-31,Corn,Grains,Summer,high,none,180.99278995673131,212.37,12,2022,365
2022-12-31,Barley,Grains,Summer,low,medium,35.3101493880634,22.33,12,2022,365
2022-12-31,Oats,Grains,Summer,high,none,129.28435055904384,147.93,12,2022,365
2022-12-31,Milk,Dairy,Summer,high,high,106.40852791581541,98.98,12,2022,365
2022-12-31,Cheese,Dairy,Summer,high,none,197.72050854431828,212.25,12,2022,365
2022-12-31,Butter,Dairy,Summer,medium,medium,31.846116924303765,27.41,12,2022,365
2022-12-31,Yogurt,Dairy,Summer,high,none,78.84938438060155,90.46,12,2022,365
2022-12-31,Cream,Dairy,Summer,medium,high,141.05130728125684,103.92,12,2022,365
2022-12-31,Chicken,Meat,Summer,high,high,43.97778634459316,40.48,12,2022,365
2022-12-31,Beef,Meat,Summer,low,high,124.12865148127942,79.82,12,2022,365
2022-12-31,Pork,Meat,Summer,medium,medium,177.1146958818196,150.07,12,2022,365
2022-12-31,Fish,Meat,Summer,low,none,131.45109236585063,85.67,12,2022,365
2022-12-31,Lamb,Meat,Summer,high,none,71.21744942184807,88.27,12,2022,365
2023-01-07,Tomatoes,Vegetables,Spring,medium,low,61.857439691753896,54.16,1,2023,7
2023-01-07,Potatoes,Vegetables,Spring,high,none,106.12839261929405,139.11,1,2023,7
2023-01-07,Onions,Vegetables,Spring,high,high,35.48578826592978,36.12,1,2023,7
2023-01-07,Carrots,Vegetables,Spring,high,medium,125.40578309707026,138.91,1,2023,7
2023-01-07,Spinach,Vegetables,Spring,high,medium,134.79934553220647,143.26,1,2023,7
2023-01-07,Apples,Fruits,Spring,medium,low,109.66338983864763,106.23,1,2023,7
2023-01-07,Bananas,Fruits,Spring,low,medium,137.53093846481158,105.16,1,2023,7
2023-01-07,Oranges,Fruits,Spring,medium,medium,124.96343943792503,109.43,1,2023,7
2023-01-07,Mangoes,Fruits,Spring,low,high,135.3737950577764,86.35,1,2023,7
2023-01-07,Grapes,Fruits,Spring,medium,high,146.31288929790628,120.85,1,2023,7
2023-01-07,Rice,Grains,Spring,medium,none,184.04105421415352,177.26,1,2023,7
2023-01-07,Wheat,Grains,Spring,low,none,30.23865159997638,25.17,1,2023,7
2023-01-07,Corn,Grains,Spring,medium,high,79.64339937253706,66.29,1,2023,7
2023-01-07,Barley,Grains,Spring,medium,low,156.1256824560382,145.72,1,2023,7
2023-01-07,Oats,Grains,Spring,high,none,188.25138478789418,226.15,1,2023,7
2023-01-07,Milk,Dairy,Spring,high,none,125.21776038670247,158.81,1,2023,7
2023-01-07,Cheese,Dairy,Spring,high,none,31.166617453180674,40.56,1,2023,7
2023-01-07,Butter,Dairy,Spring,medium,high,49.14614119379847,45.93,1,2023,7
2023-01-07,Yogurt,Dairy,Spring,medium,high,101.31310567665989,84.41,1,2023,7
2023-01-07,Cream,Dairy,Spring,low,medium,40.72631211113621,26.39,1,2023,7
2023-01-07,Chicken,Meat,Spring,low,high,130.51630212921089,88.0,1,2023,7
2023-01-07,Beef,Meat,Spring,high,none,91.4506351281727,129.36,1,2023,7
2023-01-07,Pork,Meat,Spring,medium,none,136.77776950868946,127.24,1,2023,7
2023-01-07,Fish,Meat,Spring,high,high,105.93491410646367,118.97,1,2023,7
2023-01-07,Lamb,Meat,Spring,low,none,92.26312023602779,68.83,1,2023,7
2023-01-14,Tomatoes,Vegetables,Spring,low,high,141.6118357276838,90.69,1,2023,14
2023-01-14,Potatoes,Vegetables,Spring,low,medium,30.54175495121609,22.41,1,2023,14
2023-01-14,Onions,Vegetables,Spring,high,high,176.944351030491,189.48,1,2023,14
2023-01-14,Carrots,Vegetables,Spring,medium,high,164.54213867473769,128.09,1,2023,14
2023-01-14,Spinach,Vegetables,Spring,medium,none,121.8531008563844,119.33,1,2023,14
2023-01-14,Apples,Fruits,Spring,high,medium,73.33864434196401,92.15,1,2023,14
2023-01-14,Bananas,Fruits,Spring,low,none,86.87837203757739,69.83,1,2023,14
2023-01-14,Oranges,Fruits,Spring,high,none,77.44222816768325,107.29,1,2023,14
2023-01-14,Mangoes,Fruits,Spring,high,low,34.43361622618039,43.63,1,2023,14
2023-01-14,Grapes,Fruits,Spring,medium,low,169.15752310129207,153.53,1,2023,14
2023-01-14,Rice,Grains,Spring,low,medium,189.35843052065678,146.57,1,2023,14
2023-01-14,Wheat,Grains,Spring,low,low,194.76924492883134,154.6,1,2023,14
2023-01-14,Corn,Grains,Spring,medium,medium,27.251393380039723,24.61,1,2023,14
2023-01-14,Barley,Grains,Spring,low,low,124.51614066373413,97.89,1,2023,14
2023-01-14,Oats,Grains,Spring,low,high,106.63003121946267,79.04,1,2023,14
2023-01-14,Milk,Dairy,Spring,low,low,23.971906762812353,16.71,1,2023,14
2023-01-14,Cheese,Dairy,Spring,low,medium,166.58962026837705,111.12,1,2023,14
2023-01-14,Butter,Dairy,Spring,high,none,99.17401514849028,119.04,1,2023,14
2023-01-14,Yogurt,Dairy,Spring,high,medium,42.87732323931906,49.76,1,2023,14
2023-01-14,Cream,Dairy,Spring,medium,none,155.3831659178428,165.81,1,2023,14
2023-01-14,Chicken,Meat,Spring,high,high,55.43981691962304,57.58,1,2023,14
2023-01-14,Beef,Meat,Spring,medium,none,67.60492700009434,61.77,1,2023,14
2023-01-14,Pork,Meat,Spring,high,low,59.27137932678918,72.7,1,2023,14
2023-01-14,Fish,Meat,Spring,low,medium,100.16957467601699,68.48,1,2023,14
2023-01-14,Lamb,Meat,Spring,high,high,175.93263847679265,191.11,1,2023,14
2023-01-21,Tomatoes,Vegetables,Spring,low,none,22.579563056060227,16.33,1,2023,21
2023-01-21,Potatoes,Vegetables,Spring,low,medium,167.52971955184398,127.56,1,2023,21
2023-01-21,Onions,Vegetables,Spring,high,low,71.00553240040128,88.45,1,2023,21
2023-01-21,Carrots,Vegetables,Spring,high,none,87.28545959606043,102.4,1,2023,21
2023-01-21,Spinach,Vegetables,Spring,medium,high,45.73295796813539,36.88,1,2023,21
2023-01-21,Apples,Fruits,Spring,high,low,127.64164111917493,158.01,1,2023,21
2023-01-21,Bananas,Fruits,Spring,high,low,106.99297129393854,122.76,1,2023,21
2023-01-21,Oranges,Fruits,Spring,low,medium,111.02541388064732,73.08,1,2023,21
2023-01-21,Mangoes,Fruits,Spring,low,medium,123.29585294187734,95.48,1,2023,21
2023-01-21,Grapes,Fruits,Spring,low,none,120.41726161881317,87.64,1,2023,21
2023-01-21,Rice,Grains,Spring,medium,low,37.64138326053339,33.51,1,2023,21
2023-01-21,Wheat,Grains,Spring,low,high,117.42861996950205,72.59,1,2023,21
2023-01-21,Corn,Grains,Spring,medium,high,190.27476017220786,155.15,1,2023,21
2023-01-21,Barley,Grains,Spring,low,none,33.89375544076423,28.72,1,2023,21
2023-01-21,Oats,Grains,Spring,medium,none,156.2164562444471,145.78,1,2023,21
2023-01-21,Milk,Dairy,Spring,medium,medium,30.639047757617814,28.84,1,2023,21
2023-01-21,Cheese,Dairy,Spring,medium,none,28.455138397665163,26.13,1,2023,21
2023-01-21,Butter,Dairy,Spring,high,high,71.46209607881643,73.75,1,2023,21
2023-01-21,Yogurt,Dairy,Spring,high,high,29.974859919603997,33.05,1,2023,21
2023-01-21,Cream,Dairy,Spring,low,high,94.77974010657613,60.29,1,2023,21
2023-01-21,Chicken,Meat,Spring,high,low,37.71635403824637,47.51,1,2023,21
2023-01-21,Beef,Meat,Spring,high,low,151.1581311625885,186.32,1,2023,21
2023-01-21,Pork,Meat,Spring,medium,low,50.51073653589056,50.84,1,2023,21
2023-01-21,Fish,Meat,Spring,high,none,141.95824493307964,183.63,1,2023,21
2023-01-21,Lamb,Meat,Spring,high,none,186.0381710581024,231.24,1,2023,21
2023-01-28,Tomatoes,Vegetables,Spring,high,medium,82.98881364272853,106.66,1,2023,28
2023-01-28,Potatoes,Vegetables,Spring,medium,low,63.32069265628755,64.13,1,2023,28
2023-01-28,Onions,Vegetables,Spring,low,none,60.43833157551799,47.48,1,2023,28
2023-01-28,Carrots,Vegetables,Spring,high,high,196.0797203347805,229.63,1,2023,28
2023-01-28,Spinach,Vegetables,Spring,high,high,80.15468855115978,87.15,1,2023,28
2023-01-28,Apples,Fruits,Spring,high,high,124.1047573609772,145.48,1,2023,28
2023-01-28,Bananas,Fruits,Spring,low,none,175.95617303714602,146.17,1,2023,28
2023-01-28,Oranges,Fruits,Spring,high,high,45.19772780991732,50.43,1,2023,28
2023-01-28,Mangoes,Fruits,Spring,high,high,92.49310725442953,112.35,1,2023,28
2023-01-28,Grapes,Fruits,Spring,high,high,44.33911646831385,53.84,1,2023,28
2023-01-28,Rice,Grains,Spring,high,medium,21.994139466975742,26.1,1,2023,28
2023-01-28,Wheat,Grains,Spring,low,none,98.1293916945722,77.08,1,2023,28
2023-01-28,Corn,Grains,Spring,high,high,83.78789293750435,96.86,1,2023,28
2023-01-28,Barley,Grains,Spring,medium,none,146.1305938311675,148.87,1,2023,28
2023-01-28,Oats,Grains,Spring,low,none,123.60681715521476,98.33,1,2023,28
2023-01-28,Milk,Dairy,Spring,low,high,119.62491971777298,76.63,1,2023,28
2023-01-28,Cheese,Dairy,Spring,high,low,153.60885060541162,188.68,1,2023,28
2023-01-28,Butter,Dairy,Spring,high,low,27.79674918577615,33.17,1,2023,28
2023-01-28,Yogurt,Dairy,Spring,low,medium,154.0526110092578,104.17,1,2023,28
2023-01-28,Cream,Dairy,Spring,low,none,112.37151481076646,88.83,1,2023,28
2023-01-28,Chicken,Meat,Spring,medium,none,77.11498593568757,70.34,1,2023,28
2023-01-28,Beef,Meat,Spring,medium,none,144.92313453903358,139.68,1,2023,28
2023-01-28,Pork,Meat,Spring,high,none,94.79253135117187,116.89,1,2023,28
2023-01-28,Fish,Meat,Spring,high,low,36.43558445804064,41.44,1,2023,28
2023-01-28,Lamb,Meat,Spring,low,medium,43.14736747289945,28.34,1,2023,28
2023-02-04,Tomatoes,Vegetables,Summer,low,high,25.567558650841885,15.36,2,2023,35
2023-02-04,Potatoes,Vegetables,Summer,medium,none,113.84786386527341,96.24,2,2023,35
2023-02-04,Onions,Vegetables,Summer,medium,medium,24.061612106962503,19.83,2,2023,35
2023-02-04,Carrots,Vegetables,Summer,low,medium,76.89398309178753,52.9,2,2023,35
2023-02-04,Spinach,Vegetables,Summer,medium,medium,130.09635549019862,100.23,2,2023,35
2023-02-04,Apples,Fruits,Summer,low,low,78.93577257202064,50.55,2,2023,35
2023-02-04,Bananas,Fruits,Summer,medium,low,162.3243983420302,137.01,2,2023,35
2023-02-04,Oranges,Fruits,Summer,low,low,126.92890380202601,79.31,2,2023,35
2023-02-04,Mangoes,Fruits,Summer,high,medium,169.67734154077982,186.64,2,2023,35
2023-02-04,Grapes,Fruits,Summer,low,high,159.08077786306998,98.9,2,2023,35
2023-02-04,Rice,Grains,Summer,low,none,22.629619479598915,16.63,2,2023,35
2023-02-04,Wheat,Grains,Summer,low,none,89.74123326605697,68.47,2,2023,35
2023-02-04,Corn,Grains,Summer,high,medium,187.89552903085638,200.13,2,2023,35
2023-02-04,Barley,Grains,Summer,low,high,147.26275296906636,95.67,2,2023,35
2023-02-04,Oats,Grains,Summer,low,none,179.46451918953647,116.78,2,2023,35
2023-02-04,Milk,Dairy,Summer,low,medium,152.46523163935797,91.54,2,2023,35
2023-02-04,Cheese,Dairy,Summer,high,low,134.9279812638444,136.69,2,2023,35
2023-02-04,Butter,Dairy,Summer,high,medium,44.773352191705044,50.95,2,2023,35
2023-02-04,Yogurt,Dairy,Summer,low,high,24.431237091422947,14.52,2,2023,35
2023-02-04,Cream,Dairy,Summer,low,high,184.11065784429962,112.95,2,2023,35
2023-02-04,Chicken,Meat,Summer,high,medium,142.4863032543873,164.34,2,2023,35
2023-02-04,Beef,Meat,Summer,high,none,136.2084638705141,153.1,2,2023,35
2023-02-04,Pork,Meat,Summer,high,medium,160.74036433944016,175.75,2,2023,35
2023-02-04,Fish,Meat,Summer,high,none,193.81501554802406,212.36,2,2023,35
2023-02-04,Lamb,Meat,Summer,medium,medium,193.73773493823234,161.07,2,2023,35
2023-02-11,Tomatoes,Vegetables,Summer,high,low,150.70002668203466,155.68,2,2023,42
2023-02-11,Potatoes,Vegetables,Summer,low,medium,57.18458291992055,36.3,2,2023,42
2023-02-11,Onions,Vegetables,Summer,medium,medium,21.22664562202306,18.64,2,2023,42
2023-02-11,Carrots,Vegetables,Summer,low,high,166.17396998156224,107.7,2,2023,42
2023-02-11,Spinach,Vegetables,Summer,high,medium,78.27154860987625,76.54,2,2023,42
2023-02-11,Apples,Fruits,Summer,high,low,138.38890650967164,148.87,2,2023,42
2023-02-11,Bananas,Fruits,Summer,high,low,31.23763891000046,32.01,2,2023,42
2023-02-11,Oranges,Fruits,Summer,high,low,64.73716776693668,72.62,2,2023,42
2023-02-11,Mangoes,Fruits,Summer,high,medium,186.71693633918213,207.82,2,2023,42
2023-02-11,Grapes,Fruits,Summer,medium,high,69.26572238210677,48.72,2,2023,42
2023-02-11,Rice,Grains,Summer,medium,none,173.5992589805818,142.3,2,2023,42
2023-02-11,Wheat,Grains,Summer,high,low,140.4842571633347,148.14,2,2023,42
2023-02-11,Corn,Grains,Summer,high,medium,75.08848992117888,84.78,2,2023,42
2023-02-11,Barley,Grains,Summer,medium,high,44.714005888802646,33.04,2,2023,42
2023-02-11,Oats,Grains,Summer,medium,medium,139.21647297152958,119.8,2,2023,42
2023-02-11,Milk,Dairy,Summer,medium,medium,190.2349464006674,163.44,2,2023,42
2023-02-11,Cheese,Dairy,Summer,low,medium,197.5813605405939,117.33,2,2023,42
2023-02-11,Butter,Dairy,Summer,high,medium,136.43070120674855,147.64,2,2023,42
2023-02-11,Yogurt,Dairy,Summer,high,medium,75.28621665875806,86.56,2,2023,42
2023-02-11,Cream,Dairy,Summer,high,high,59.18825233606727,55.27,2,2023,42
2023-02-11,Chicken,Meat,Summer,medium,none,167.69938506602938,155.04,2,2023,42
2023-02-11,Beef,Meat,Summer,low,none,92.3227643196964,63.92,2,2023,42
2023-02-11,Pork,Meat,Summer,low,high,105.89601429523303,69.08,2,2023,42
2023-02-11,Fish,Meat,Summer,medium,medium,147.68998792838954,127.74,2,2023,42
2023-02-11,Lamb,Meat,Summer,low,none,140.78233649592377,98.59,2,2023,42
2023-02-18,Tomatoes,Vegetables,Summer,high,low,178.27032010826122,194.49,2,2023,49
2023-02-18,Potatoes,Vegetables,Summer,high,medium,179.54846515282551,206.51,2,2023,49
2023-02-18,Onions,Vegetables,Summer,high,high,142.24926229752128,146.99,2,2023,49
2023-02-18,Carrots,Vegetables,Summer,low,none,133.33310208894667,88.94,2,2023,49
2023-02-18,Spinach,Vegetables,Summer,low,high,195.9661928621078,131.82,2,2023,49
2023-02-18,Apples,Fruits,Summer,low,none,184.07265065585315,120.77,2,2023,49
2023-02-18,Bananas,Fruits,Summer,medium,none,66.01503688316507,55.51,2,2023,49
2023-02-18,Oranges,Fruits,Summer,high,none,50.14275401323793,53.19,2,2023,49
2023-02-18,Mangoes,Fruits,Summer,low,low,41.93985485580868,26.18,2,2023,49
2023-02-18,Grapes,Fruits,Summer,medium,none,91.41591016199528,81.47,2,2023,49
2023-02-18,Rice,Grains,Summer,medium,none,176.4514743325557,157.79,2,2023,49
2023-02-18,Wheat,Grains,Summer,medium,medium,93.92766417049991,82.09,2,2023,49
2023-02-18,Corn,Grains,Summer,low,medium,173.58364445548116,111.54,2,2023,49
2023-02-18,Barley,Grains,Summer,medium,high,66.19649729349725,50.77,2,2023,49
2023-02-18,Oats,Grains,Summer,medium,none,77.75381769497184,76.92,2,2023,49
2023-02-18,Milk,Dairy,Summer,high,none,98.34721033817969,116.69,2,2023,49
2023-02-18,Cheese,Dairy,Summer,medium,none,106.16687443379405,88.01,2,2023,49
2023-02-18,Butter,Dairy,Summer,medium,high,119.68821931407061,87.56,2,2023,49
2023-02-18,Yogurt,Dairy,Summer,low,low,168.0010602638619,120.26,2,2023,49
2023-02-18,Cream,Dairy,Summer,high,none,177.71464608852008,196.77,2,2023,49
2023-02-18,Chicken,Meat,Summer,low,low,147.0012880969444,91.96,2,2023,49
2023-02-18,Beef,Meat,Summer,low,high,153.9251444625818,89.2,2,2023,49
2023-02-18,Pork,Meat,Summer,medium,low,154.88822301034807,125.35,2,2023,49
2023-02-18,Fish,Meat,Summer,medium,high,29.689494483522633,20.62,2,2023,49
2023-02-18,Lamb,Meat,Summer,medium,low,90.5259610310909,74.94,2,2023,49
2023-02-25,Tomatoes,Vegetables,Summer,high,none,99.95301323810598,117.15,2,2023,56
2023-02-25,Potatoes,Vegetables,Summer,high,low,175.06022348383837,175.51,2,2023,56
2023-02-25,Onions,Vegetables,Summer,medium,high,160.04833516697585,134.41,2,2023,56
2023-02-25,Carrots,Vegetables,Summer,medium,medium,106.98177365757833,91.07,2,2023,56
2023-02-25,Spinach,Vegetables,Summer,low,high,64.74887923039515,43.53,2,2023,56
2023-02-25,Apples,Fruits,Summer,high,none,174.35550939534627,212.42,2,2023,56
2023-02-25,Bananas,Fruits,Summer,high,medium,82.20432545674635,84.89,2,2023,56
2023-02-25,Oranges,Fruits,Summer,high,low,62.25579591049483,66.95,2,2023,56
2023-02-25,Mangoes,Fruits,Summer,medium,high,168.95426491168706,124.28,2,2023,56
2023-02-25,Grapes,Fruits,Summer,high,medium,63.40973857539715,62.59,2,2023,56
2023-02-25,Rice,Grains,Summer,high,high,119.99892257941158,117.37,2,2023,56
2023-02-25,Wheat,Grains,Summer,medium,medium,87.83603846249393,76.91,2,2023,56
2023-02-25,Corn,Grains,Summer,low,low,108.7322548980548,68.52,2,2023,56
2023-02-25,Barley,Grains,Summer,medium,medium,191.6125182887771,170.53,2,2023,56
2023-02-25,Oats,Grains,Summer,high,none,76.63320360833578,95.84,2,2023,56
2023-02-25,Milk,Dairy,Summer,high,high,184.845365003121,175.87,2,2023,56
2023-02-25,Cheese,Dairy,Summer,medium,medium,78.73078728241036,67.1,2,2023,56
2023-02-25,Butter,Dairy,Summer,low,none,27.69312909115125,18.42,2,2023,56
2023-02-25,Yogurt,Dairy,Summer,low,medium,50.93777218446637,34.58,2,2023,56
2023-02-25,Cream,Dairy,Summer,high,none,45.020396935833986,52.49,2,2023,56
2023-02-25,Chicken,Meat,Summer,low,high,58.21141550034644,38.72,2,2023,56
2023-02-25,Beef,Meat,Summer,low,medium,183.65638451716768,128.25,2,2023,56
2023-02-25,Pork,Meat,Summer,high,high,55.85954345067377,53.21,2,2023,56
2023-02-25,Fish,Meat,Summer,medium,low,87.86970758030579,74.31,2,2023,56
2023-02-25,Lamb,Meat,Summer,medium,low,126.59985187965928,101.62,2,2023,56
2023-03-04,Tomatoes,Vegetables,Monsoon,medium,low,100.49618579895885,80.04,3,2023,63
2023-03-04,Potatoes,Vegetables,Monsoon,medium,medium,136.19618415389402,98.98,3,2023,63
2023-03-04,Onions,Vegetables,Monsoon,medium,low,35.74037032397938,26.69,3,2023,63
2023-03-04,Carrots,Vegetables,Monsoon,medium,none,27.16605910023569,23.71,3,2023,63
2023-03-04,Spinach,Vegetables,Monsoon,medium,none,191.6538694093441,139.31,3,2023,63
2023-03-04,Apples,Fruits,Monsoon,high,none,52.237089079072675,56.56,3,2023,63
2023-03-04,Bananas,Fruits,Monsoon,medium,none,110.663949679083,88.68,3,2023,63
2023-03-04,Oranges,Fruits,Monsoon,medium,none,131.64344376840418,102.0,3,2023,63
2023-03-04,Mangoes,Fruits,Monsoon,high,none,132.98039788858557,128.51,3,2023,63
2023-03-04,Grapes,Fruits,Monsoon,high,medium,188.85154512226364,190.46,3,2023,63
2023-03-04,Rice,Grains,Monsoon,medium,medium,132.57802102998681,87.23,3,2023,63
2023-03-04,Wheat,Grains,Monsoon,medium,high,80.26202754032225,56.06,3,2023,63
2023-03-04,Corn,Grains,Monsoon,high,low,84.0723992247153,84.67,3,2023,63
2023-03-04,Barley,Grains,Monsoon,medium,high,166.58910572043467,104.95,3,2023,63
2023-03-04,Oats,Grains,Monsoon,high,medium,55.40387551630815,49.78,3,2023,63
2023-03-04,Milk,Dairy,Monsoon,low,high,135.70311269113563,71.79,3,2023,63
2023-03-04,Cheese,Dairy,Monsoon,low,high,168.3195773383961,91.0,3,2023,63
2023-03-04,Butter,Dairy,Monsoon,medium,medium,164.16896987745744,108.98,3,2023,63
2023-03-04,Yogurt,Dairy,Monsoon,high,none,179.06311418383814,193.07,3,2023,63
2023-03-04,Cream,Dairy,Monsoon,high,low,24.56274876750893,23.38,3,2023,63
2023-03-04,Chicken,Meat,Monsoon,low,high,30.033353645739513,15.49,3,2023,63
2023-03-04,Beef,Meat,Monsoon,low,high,89.6253035693384,45.32,3,2023,63
2023-03-04,Pork,Meat,Monsoon,low,high,73.63590238925187,43.35,3,2023,63
2023-03-04,Fish,Meat,Monsoon,low,high,21.088467773116115,10.61,3,2023,63
2023-03-04,Lamb,Meat,Monsoon,low,none,75.38223610603075,44.98,3,2023,63
2023-03-11,Tomatoes,Vegetables,Monsoon,medium,medium,193.84981754929987,132.32,3,2023,70
2023-03-11,Potatoes,Vegetables,Monsoon,low,high,99.87884103660411,49.78,3,2023,70
2023-03-11,Onions,Vegetables,Monsoon,medium,high,177.79048886286049,116.1,3,2023,70
2023-03-11,Carrots,Vegetables,Monsoon,low,none,127.88713871695754,88.24,3,2023,70
2023-03-11,Spinach,Vegetables,Monsoon,medium,medium,40.683141805143855,30.69,3,2023,70
2023-03-11,Apples,Fruits,Monsoon,high,high,127.5372636632156,102.59,3,2023,70
2023-03-11,Bananas,Fruits,Monsoon,high,high,66.27128459405758,55.38,3,2023,70
2023-03-11,Oranges,Fruits,Monsoon,medium,none,153.90293371438736,127.84,3,2023,70
2023-03-11,Mangoes,Fruits,Monsoon,low,low,67.11519802420685,43.49,3,2023,70
2023-03-11,Grapes,Fruits,Monsoon,low,low,54.26065551710856,33.34,3,2023,70
2023-03-11,Rice,Grains,Monsoon,low,high,73.8617607741909,38.91,3,2023,70
2023-03-11,Wheat,Grains,Monsoon,high,low,98.06497963766842,94.24,3,2023,70
2023-03-11,Corn,Grains,Monsoon,low,low,162.90832402133324,101.49,3,2023,70
2023-03-11,Barley,Grains,Monsoon,low,low,153.49291174134,91.36,3,2023,70
2023-03-11,Oats,Grains,Monsoon,medium,low,29.22742265167967,22.98,3,2023,70
2023-03-11,Milk,Dairy,Monsoon,low,medium,101.0630694405427,56.55,3,2023,70
2023-03-11,Cheese,Dairy,Monsoon,high,none,134.2539453987253,131.78,3,2023,70
2023-03-11,Butter,Dairy,Monsoon,medium,medium,40.311773693051855,28.94,3,2023,70
2023-03-11,Yogurt,Dairy,Monsoon,high,medium,24.83617772808835,25.42,3,2023,70
2023-03-11,Cream,Dairy,Monsoon,high,low,148.72250356703984,144.8,3,2023,70
2023-03-11,Chicken,Meat,Monsoon,medium,high,105.51806132450969,72.26,3,2023,70
2023-03-11,Beef,Meat,Monsoon,medium,low,131.29234377586184,103.11,3,2023,70
2023-03-11,Pork,Meat,Monsoon,medium,low,111.97473374811118,93.22,3,2023,70
2023-03-11,Fish,Meat,Monsoon,high,none,63.62366512461721,70.66,3,2023,70
2023-03-11,Lamb,Meat,Monsoon,high,low,119.11888266258157,120.05,3,2023,70
2023-03-18,Tomatoes,Vegetables,Monsoon,medium,high,151.6251060825275,112.91,3,2023,77
2023-03-18,Potatoes,Vegetables,Monsoon,medium,high,123.2413904048078,86.29,3,2023,77
2023-03-18,Onions,Vegetables,Monsoon,medium,low,32.3193276636727,23.72,3,2023,77
2023-03-18,Carrots,Vegetables,Monsoon,medium,none,166.83416851270175,130.63,3,2023,77
2023-03-18,Spinach,Vegetables,Monsoon,high,low,105.21841868750386,97.86,3,2023,77
2023-03-18,Apples,Fruits,Monsoon,low,high,173.25303462046531,91.54,3,2023,77
2023-03-18,Bananas,Fruits,Monsoon,high,high,142.46919447725398,134.2,3,2023,77
2023-03-18,Oranges,Fruits,Monsoon,low,none,153.17620878807264,90.56,3,2023,77
2023-03-18,Mangoes,Fruits,Monsoon,medium,none,45.29848303919773,36.37,3,2023,77
2023-03-18,Grapes,Fruits,Monsoon,low,medium,154.64289380589244,92.71,3,2023,77
2023-03-18,Rice,Grains,Monsoon,low,medium,187.1474386755149,103.62,3,2023,77
2023-03-18,Wheat,Grains,Monsoon,medium,high,67.71463118094306,43.22,3,2023,77
2023-03-18,Corn,Grains,Monsoon,medium,none,36.688665945848584,31.24,3,2023,77
2023-03-18,Barley,Grains,Monsoon,high,low,38.248371644575435,40.14,3,2023,77
2023-03-18,Oats,Grains,Monsoon,high,high,106.80932001467784,88.27,3,2023,77
2023-03-18,Milk,Dairy,Monsoon,low,low,147.33672952914782,96.72,3,2023,77
2023-03-18,Cheese,Dairy,Monsoon,high,low,124.88350637982491,114.04,3,2023,77
2023-03-18,Butter,Dairy,Monsoon,medium,high,149.80382432422826,98.37,3,2023,77
2023-03-18,Yogurt,Dairy,Monsoon,low,medium,107.6981612459445,58.92,3,2023,77
2023-03-18,Cream,Dairy,Monsoon,medium,medium,93.42012953131041,62.37,3,2023,77
2023-03-18,Chicken,Meat,Monsoon,low,high,151.04220640331553,78.18,3,2023,77
2023-03-18,Beef,Meat,Monsoon,medium,high,159.3955090291346,108.53,3,2023,77
2023-03-18,Pork,Meat,Monsoon,medium,none,174.0801934807675,147.76,3,2023,77
2023-03-18,Fish,Meat,Monsoon,medium,medium,44.632129985544225,34.66,3,2023,77
2023-03-18,Lamb,Meat,Monsoon,low,none,89.81016852279699,60.06,3,2023,77
2023-03-25,Tomatoes,Vegetables,Monsoon,low,high,170.5548073843742,89.37,3,2023,84
2023-03-25,Potatoes,Vegetables,Monsoon,medium,low,173.39823041630132,119.91,3,2023,84
2023-03-25,Onions,Vegetables,Monsoon,medium,high,132.2334551313478,86.76,3,2023,84
2023-03-25,Carrots,Vegetables,Monsoon,low,high,141.09607752444632,71.84,3,2023,84
2023-03-25,Spinach,Vegetables,Monsoon,high,high,70.6431119336915,62.14,3,2023,84
2023-03-25,Apples,Fruits,Monsoon,low,high,160.94004164249637,93.46,3,2023,84
2023-03-25,Bananas,Fruits,Monsoon,high,low,63.16759139718624,62.47,3,2023,84
2023-03-25,Oranges,Fruits,Monsoon,medium,low,158.37448364525233,119.55,3,2023,84
2023-03-25,Mangoes,Fruits,Monsoon,low,high,162.54841213347754,87.1,3,2023,84
2023-03-25,Grapes,Fruits,Monsoon,high,high,88.91896651115303,79.35,3,2023,84
2023-03-25,Rice,Grains,Monsoon,medium,low,189.88006004630643,132.78,3,2023,84
2023-03-25,Wheat,Grains,Monsoon,high,medium,90.78706731785874,86.3,3,2023,84
2023-03-25,Corn,Grains,Monsoon,medium,low,122.76326967538606,89.86,3,2023,84
2023-03-25,Barley,Grains,Monsoon,low,low,39.19225140858762,23.37,3,2023,84
2023-03-25,Oats,Grains,Monsoon,medium,low,198.78773535735436,153.03,3,2023,84
2023-03-25,Milk,Dairy,Monsoon,low,high,112.99296653376956,61.68,3,2023,84
2023-03-25,Cheese,Dairy,Monsoon,medium,none,172.67266969039048,132.34,3,2023,84
2023-03-25,Butter,Dairy,Monsoon,high,low,56.26350578963593,51.92,3,2023,84
2023-03-25,Yogurt,Dairy,Monsoon,medium,none,37.21532528426887,27.47,3,2023,84
2023-03-25,Cream,Dairy,Monsoon,low,low,50.94426039087878,31.26,3,2023,84
2023-03-25,Chicken,Meat,Monsoon,low,medium,64.95395226128394,40.05,3,2023,84
2023-03-25,Beef,Meat,Monsoon,medium,medium,120.65926371832246,79.92,3,2023,84
2023-03-25,Pork,Meat,Monsoon,medium,none,22.885068161922163,19.63,3,2023,84
2023-03-25,Fish,Meat,Monsoon,high,none,145.08530836067135,147.69,3,2023,84
2023-03-25,Lamb,Meat,Monsoon,high,high,173.171341893224,160.62,3,2023,84
2023-04-01,Tomatoes,Vegetables,Autumn,high,none,164.36688865091634,236.8,4,2023,91
2023-04-01,Potatoes,Vegetables,Autumn,low,none,54.551979019230636,44.47,4,2023,91
2023-04-01,Onions,Vegetables,Autumn,medium,high,75.74450799893404,76.61,4,2023,91
2023-04-01,Carrots,Vegetables,Autumn,high,medium,156.87201211174687,206.96,4,2023,91
2023-04-01,Spinach,Vegetables,Autumn,medium,none,47.874363334187834,49.6,4,2023,91
2023-04-01,Apples,Fruits,Autumn,low,none,145.2430940493342,140.48,4,2023,91
2023-04-01,Bananas,Fruits,Autumn,low,none,101.04982587948633,87.91,4,2023,91
2023-04-01,Oranges,Fruits,Autumn,low,medium,172.50849379329028,148.98,4,2023,91
2023-04-01,Mangoes,Fruits,Autumn,high,high,81.53583838366718,105.82,4,2023,91
2023-04-01,Grapes,Fruits,Autumn,medium,none,165.54269614653026,164.21,4,2023,91
2023-04-01,Rice,Grains,Autumn,low,high,88.78392358867781,66.48,4,2023,91
2023-04-01,Wheat,Grains,Autumn,medium,high,92.5456360308926,92.23,4,2023,91
2023-04-01,Corn,Grains,Autumn,medium,low,44.06521779189852,48.36,4,2023,91
2023-04-01,Barley,Grains,Autumn,medium,low,189.4401907016423,182.1,4,2023,91
2023-04-01,Oats,Grains,Autumn,low,none,97.15597025753571,80.63,4,2023,91
2023-04-01,Milk,Dairy,Autumn,low,high,132.94422177789312,109.34,4,2023,91
2023-04-01,Cheese,Dairy,Autumn,high,low,25.841193822321628,33.77,4,2023,91
2023-04-01,Butter,Dairy,Autumn,medium,medium,91.8426980800939,85.53,4,2023,91
2023-04-01,Yogurt,Dairy,Autumn,high,low,191.81969163514998,236.98,4,2023,91
2023-04-01,Cream,Dairy,Autumn,high,high,80.98634388887267,93.3,4,2023,91
2023-04-01,Chicken,Meat,Autumn,low,none,133.1971214578716,125.43,4,2023,91
2023-04-01,Beef,Meat,Autumn,medium,medium,153.35646830933922,156.49,4,2023,91
2023-04-01,Pork,Meat,Autumn,medium,high,69.31798067774326,64.67,4,2023,91
2023-04-01,Fish,Meat,Autumn,medium,medium,44.00200411694667,41.75,4,2023,91
2023-04-01,Lamb,Meat,Autumn,low,low,186.37572206946044,155.01,4,2023,91
2023-04-08,Tomatoes,Vegetables,Autumn,medium,none,50.24360939468214,54.16,4,2023,98
2023-04-08,Potatoes,Vegetables,Autumn,high,low,30.330531863889238,44.37,4,2023,98
2023-04-08,Onions,Vegetables,Autumn,low,low,47.31372433154944,40.86,4,2023,98
2023-04-08,Carrots,Vegetables,Autumn,low,medium,95.4802424754719,74.27,4,2023,98
2023-04-08,Spinach,Vegetables,Autumn,medium,none,110.83471183593828,126.59,4,2023,98
2023-04-08,Apples,Fruits,Autumn,high,medium,139.0416822100504,174.23,4,2023,98
2023-04-08,Bananas,Fruits,Autumn,high,medium,196.22573134250013,252.64,4,2023,98
2023-04-08,Oranges,Fruits,Autumn,medium,high,183.78742846874934,173.08,4,2023,98
2023-04-08,Mangoes,Fruits,Autumn,high,high,149.12529554654603,197.17,4,2023,98
2023-04-08,Grapes,Fruits,Autumn,medium,high,73.09024832762157,71.85,4,2023,98
2023-04-08,Rice,Grains,Autumn,medium,none,144.04179628923646,174.19,4,2023,98
2023-04-08,Wheat,Grains,Autumn,high,none,96.83449918311612,136.18,4,2023,98
2023-04-08,Corn,Grains,Autumn,high,low,177.99489287527248,257.59,4,2023,98
2023-04-08,Barley,Grains,Autumn,high,medium,120.38396441338149,169.56,4,2023,98
2023-04-08,Oats,Grains,Autumn,high,none,112.27074393857599,159.56,4,2023,98
2023-04-08,Milk,Dairy,Autumn,medium,none,174.414401033148,180.06,4,2023,98
2023-04-08,Cheese,Dairy,Autumn,high,none,43.23282444755866,58.13,4,2023,98
2023-04-08,Butter,Dairy,Autumn,low,high,21.717803552100797,15.84,4,2023,98
2023-04-08,Yogurt,Dairy,Autumn,high,low,167.69803659427768,225.85,4,2023,98
2023-04-08,Cream,Dairy,Autumn,high,none,79.261510761451,112.22,4,2023,98
2023-04-08,Chicken,Meat,Autumn,high,high,65.8547673206094,83.34,4,2023,98
2023-04-08,Beef,Meat,Autumn,low,high,113.87917710397407,93.04,4,2023,98
2023-04-08,Pork,Meat,Autumn,medium,none,134.4639378277529,135.46,4,2023,98
2023-04-08,Fish,Meat,Autumn,medium,none,28.470508302803403,29.37,4,2023,98
2023-04-08,Lamb,Meat,Autumn,medium,medium,94.59351158932913,84.79,4,2023,98
2023-04-15,Tomatoes,Vegetables,Autumn,low,none,161.0302704658236,149.13,4,2023,105
2023-04-15,Potatoes,Vegetables,Autumn,low,medium,180.79480888186208,144.21,4,2023,105
2023-04-15,Onions,Vegetables,Autumn,medium,medium,105.85701067117768,112.92,4,2023,105
2023-04-15,Carrots,Vegetables,Autumn,medium,medium,180.9080319205983,183.22,4,2023,105
2023-04-15,Spinach,Vegetables,Autumn,medium,medium,186.84336118625555,168.35,4,2023,105
2023-04-15,Apples,Fruits,Autumn,low,high,118.51485394064318,84.44,4,2023,105
2023-04-15,Bananas,Fruits,Autumn,high,low,105.00472981012854,155.55,4,2023,105
2023-04-15,Oranges,Fruits,Autumn,low,none,168.25620705555636,150.66,4,2023,105
2023-04-15,Mangoes,Fruits,Autumn,high,none,167.70652207834667,237.3,4,2023,105
2023-04-15,Grapes,Fruits,Autumn,low,low,151.40030979455506,115.53,4,2023,105
2023-04-15,Rice,Grains,Autumn,low,low,33.380229599492864,26.81,4,2023,105
2023-04-15,Wheat,Grains,Autumn,high,low,193.98051908849794,254.82,4,2023,105
2023-04-15,Corn,Grains,Autumn,high,none,122.75370853017708,158.2,4,2023,105
2023-04-15,Barley,Grains,Autumn,high,high,165.92304266076653,185.2,4,2023,105
2023-04-15,Oats,Grains,Autumn,medium,medium,49.06058348592579,48.93,4,2023,105
2023-04-15,Milk,Dairy,Autumn,high,low,22.555394204910264,30.33,4,2023,105
2023-04-15,Cheese,Dairy,Autumn,low,none,144.72360398445818,139.98,4,2023,105
2023-04-15,Butter,Dairy,Autumn,high,medium,71.75201588907663,92.96,4,2023,105
2023-04-15,Yogurt,Dairy,Autumn,low,high,93.01614670050274,76.22,4,2023,105
2023-04-15,Cream,Dairy,Autumn,low,none,173.5970935999855,145.79,4,2023,105
2023-04-15,Chicken,Meat,Autumn,low,low,38.67614183645415,29.69,4,2023,105
2023-04-15,Beef,Meat,Autumn,medium,none,140.2405851337425,165.12,4,2023,105
2023-04-15,Pork,Meat,Autumn,high,none,167.09438913079538,257.86,4,2023,105
2023-04-15,Fish,Meat,Autumn,low,medium,25.20997701380607,18.1,4,2023,105
2023-04-15,Lamb,Meat,Autumn,high,low,80.45182766707688,115.78,4,2023,105
2023-04-22,Tomatoes,Vegetables,Autumn,low,none,80.8366790845705,67.22,4,2023,112
2023-04-22,Potatoes,Vegetables,Autumn,high,medium,110.81052632987044,128.61,4,2023,112
2023-04-22,Onions,Vegetables,Autumn,medium,low,136.69355491378428,152.7,4,2023,112
2023-04-22,Carrots,Vegetables,Autumn,medium,medium,34.32891385865101,31.53,4,2023,112
2023-04-22,Spinach,Vegetables,Autumn,medium,medium,122.45716336329698,126.52,4,2023,112
2023-04-22,Apples,Fruits,Autumn,medium,high,86.96784220619733,80.63,4,2023,112
2023-04-22,Bananas,Fruits,Autumn,high,none,91.00629035099435,123.48,4,2023,112
2023-04-22,Oranges,Fruits,Autumn,high,low,194.01216095631946,250.26,4,2023,112
2023-04-22,Mangoes,Fruits,Autumn,high,high,82.64935198591769,96.9,4,2023,112
2023-04-22,Grapes,Fruits,Autumn,medium,medium,180.0221942199727,166.57,4,2023,112
2023-04-22,Rice,Grains,Autumn,low,low,68.0189714523063,52.39,4,2023,112
2023-04-22,Wheat,Grains,Autumn,low,none,167.91543505737027,155.07,4,2023,112
2023-04-22,Corn,Grains,Autumn,medium,none,28.624496224400072,32.82,4,2023,112
2023-04-22,Barley,Grains,Autumn,high,low,21.22337874550012,30.44,4,2023,112
2023-04-22,Oats,Grains,Autumn,medium,none,114.04942560030592,118.97,4,2023,112
2023-04-22,Milk,Dairy,Autumn,high,medium,142.6307798958381,187.51,4,2023,112
2023-04-22,Cheese,Dairy,Autumn,high,low,35.94410113459593,44.57,4,2023,112
2023-04-22,Butter,Dairy,Autumn,medium,medium,127.30567691898145,118.75,4,2023,112
2023-04-22,Yogurt,Dairy,Autumn,medium,low,171.49196135769932,191.53,4,2023,112
2023-04-22,Cream,Dairy,Autumn,high,medium,102.85922911569772,122.68,4,2023,112
2023-04-22,Chicken,Meat,Autumn,high,none,191.59529016482705,257.49,4,2023,112
2023-04-22,Beef,Meat,Autumn,high,none,82.60802253794827,119.19,4,2023,112
2023-04-22,Pork,Meat,Autumn,high,high,42.61582863421651,49.09,4,2023,112
2023-04-22,Fish,Meat,Autumn,low,high,58.43771380826145,45.5,4,2023,112
2023-04-22,Lamb,Meat,Autumn,high,none,59.14152779910247,82.73,4,2023,112
2023-04-29,Tomatoes,Vegetables,Autumn,high,medium,195.76217529837382,267.07,4,2023,119
2023-04-29,Potatoes,Vegetables,Autumn,medium,medium,63.49860574745333,59.93,4,2023,119
2023-04-29,Onions,Vegetables,Autumn,low,high,111.0666440263509,87.18,4,2023,119
2023-04-29,Carrots,Vegetables,Autumn,medium,none,22.267352228921652,22.94,4,2023,119
2023-04-29,Spinach,Vegetables,Autumn,low,none,61.83272831859436,59.78,4,2023,119
2023-04-29,Apples,Fruits,Autumn,medium,high,159.9891480330591,139.9,4,2023,119
2023-04-29,Bananas,Fruits,Autumn,medium,medium,175.92191664818066,161.52,4,2023,119
2023-04-29,Oranges,Fruits,Autumn,medium,high,175.19805619794886,171.25,4,2023,119
2023-04-29,Mangoes,Fruits,Autumn,high,none,144.72564126046194,195.58,4,2023,119
2023-04-29,Grapes,Fruits,Autumn,low,high,139.21722443712483,103.26,4,2023,119
2023-04-29,Rice,Grains,Autumn,medium,high,91.42207857462516,86.66,4,2023,119
2023-04-29,Wheat,Grains,Autumn,low,low,20.373773168014615,17.3,4,2023,119
2023-04-29,Corn,Grains,Autumn,medium,low,180.02010994663985,196.19,4,2023,119
2023-04-29,Barley,Grains,Autumn,high,medium,100.03297842450284,127.44,4,2023,119
2023-04-29,Oats,Grains,Autumn,medium,none,73.36007979394756,74.64,4,2023,119
2023-04-29,Milk,Dairy,Autumn,medium,low,137.44567199130177,142.08,4,2023,119
2023-04-29,Cheese,Dairy,Autumn,high,none,119.7163076996145,169.66,4,2023,119
2023-04-29,Butter,Dairy,Autumn,high,medium,49.43968301543373,65.17,4,2023,119
2023-04-29,Yogurt,Dairy,Autumn,medium,high,74.32401005500792,64.13,4,2023,119
2023-04-29,Cream,Dairy,Autumn,low,high,135.90343227219765,103.23,4,2023,119
2023-04-29,Chicken,Meat,Autumn,medium,low,136.35332754105602,143.31,4,2023,119
2023-04-29,Beef,Meat,Autumn,medium,low,26.18783450331054,25.08,4,2023,119
2023-04-29,Pork,Meat,Autumn,high,high,98.30262698124021,120.57,4,2023,119
2023-04-29,Fish,Meat,Autumn,medium,medium,44.01494039417727,40.64,4,2023,119
2023-04-29,Lamb,Meat,Autumn,high,low,38.77635572333879,56.65,4,2023,119
2023-05-06,Tomatoes,Vegetables,Winter,low,high,115.0740671161441,86.51,5,2023,126
2023-05-06,Potatoes,Vegetables,Winter,low,medium,136.92008121625312,126.06,5,2023,126
2023-05-06,Onions,Vegetables,Winter,high,low,132.68984761654423,181.4,5,2023,126
2023-05-06,Carrots,Vegetables,Winter,high,low,28.875617679768443,46.21,5,2023,126
2023-05-06,Spinach,Vegetables,Winter,low,medium,44.03616196893489,40.49,5,2023,126
2023-05-06,Apples,Fruits,Winter,medium,high,194.50836189311207,183.02,5,2023,126
2023-05-06,Bananas,Fruits,Winter,low,low,152.46567314731078,142.92,5,2023,126
2023-05-06,Oranges,Fruits,Winter,medium,medium,81.37315525573794,92.96,5,2023,126
2023-05-06,Mangoes,Fruits,Winter,high,none,128.52071886897835,220.47,5,2023,126
2023-05-06,Grapes,Fruits,Winter,low,none,33.49280782460235,31.56,5,2023,126
2023-05-06,Rice,Grains,Winter,medium,medium,82.6008325487997,81.93,5,2023,126
2023-05-06,Wheat,Grains,Winter,high,none,142.5715924526437,223.04,5,2023,126
2023-05-06,Corn,Grains,Winter,high,none,117.05439431245394,197.64,5,2023,126
2023-05-06,Barley,Grains,Winter,high,medium,99.0435189448731,135.23,5,2023,126
2023-05-06,Oats,Grains,Winter,low,high,168.75025608809995,146.65,5,2023,126
2023-05-06,Milk,Dairy,Winter,medium,high,174.49947772056646,188.11,5,2023,126
2023-05-06,Cheese,Dairy,Winter,medium,high,190.43843534138426,190.28,5,2023,126
2023-05-06,Butter,Dairy,Winter,high,low,187.66621866740252,301.14,5,2023,126
2023-05-06,Yogurt,Dairy,Winter,low,low,196.58807520580385,190.65,5,2023,126
2023-05-06,Cream,Dairy,Winter,medium,low,154.91820155979534,169.79,5,2023,126
2023-05-06,Chicken,Meat,Winter,low,low,30.276980823429867,28.53,5,2023,126
2023-05-06,Beef,Meat,Winter,low,medium,38.455255681004246,35.68,5,2023,126
2023-05-06,Pork,Meat,Winter,high,medium,180.34978669213405,231.79,5,2023,126
2023-05-06,Fish,Meat,Winter,medium,low,140.73770457974643,152.25,5,2023,126
2023-05-06,Lamb,Meat,Winter,medium,none,95.83415869400564,123.67,5,2023,126
2023-05-13,Tomatoes,Vegetables,Winter,low,medium,63.772396447560666,51.71,5,2023,133
2023-05-13,Potatoes,Vegetables,Winter,high,low,38.338177545120175,60.46,5,2023,133
2023-05-13,Onions,Vegetables,Winter,medium,low,156.8062823245713,176.54,5,2023,133
2023-05-13,Carrots,Vegetables,Winter,low,medium,81.63112219325473,73.12,5,2023,133
2023-05-13,Spinach,Vegetables,Winter,medium,high,155.56139249234135,170.4,5,2023,133
2023-05-13,Apples,Fruits,Winter,low,low,54.0998179701325,53.76,5,2023,133
2023-05-13,Bananas,Fruits,Winter,low,high,91.38630338953935,74.95,5,2023,133
2023-05-13,Oranges,Fruits,Winter,high,low,39.70837505980319,64.71,5,2023,133
2023-05-13,Mangoes,Fruits,Winter,low,medium,117.44527491130376,111.51,5,2023,133
2023-05-13,Grapes,Fruits,Winter,low,medium,193.98060533992577,159.57,5,2023,133
2023-05-13,Rice,Grains,Winter,high,none,170.9119348565942,275.97,5,2023,133
2023-05-13,Wheat,Grains,Winter,low,medium,57.05875787209781,51.21,5,2023,133
2023-05-13,Corn,Grains,Winter,low,none,75.04643203105951,73.77,5,2023,133
2023-05-13,Barley,Grains,Winter,medium,high,33.9340793572551,33.53,5,2023,133
2023-05-13,Oats,Grains,Winter,medium,none,79.14271389181297,91.6,5,2023,133
2023-05-13,Milk,Dairy,Winter,medium,low,159.8408746768771,188.06,5,2023,133
2023-05-13,Cheese,Dairy,Winter,medium,none,165.65506465821343,198.68,5,2023,133
2023-05-13,Butter,Dairy,Winter,low,none,191.05526247251262,176.6,5,2023,133
2023-05-13,Yogurt,Dairy,Winter,low,low,192.43479196684171,165.32,5,2023,133
2023-05-13,Cream,Dairy,Winter,high,medium,162.0068643107983,214.62,5,2023,133
2023-05-13,Chicken,Meat,Winter,low,low,131.8207754864301,119.83,5,2023,133
2023-05-13,Beef,Meat,Winter,medium,medium,22.63648290904761,26.78,5,2023,133
2023-05-13,Pork,Meat,Winter,high,none,60.010897994945346,89.0,5,2023,133
2023-05-13,Fish,Meat,Winter,high,none,181.1137806491321,274.11,5,2023,133
2023-05-13,Lamb,Meat,Winter,medium,medium,169.8848743428956,198.58,5,2023,133
2023-05-20,Tomatoes,Vegetables,Winter,low,low,187.0425626112886,153.6,5,2023,140
2023-05-20,Potatoes,Vegetables,Winter,low,low,197.1075692256324,163.78,5,2023,140
2023-05-20,Onions,Vegetables,Winter,high,medium,169.94616750939258,227.1,5,2023,140
2023-05-20,Carrots,Vegetables,Winter,low,none,178.17437426184736,186.35,5,2023,140
2023-05-20,Spinach,Vegetables,Winter,high,medium,57.01186778588139,75.61,5,2023,140
2023-05-20,Apples,Fruits,Winter,low,high,118.22035969435426,90.49,5,2023,140
2023-05-20,Bananas,Fruits,Winter,high,high,113.75944088612226,160.45,5,2023,140
2023-05-20,Oranges,Fruits,Winter,high,none,80.42283211571151,125.83,5,2023,140
2023-05-20,Mangoes,Fruits,Winter,low,high,112.3868908226796,90.3,5,2023,140
2023-05-20,Grapes,Fruits,Winter,low,high,101.42601665718264,88.39,5,2023,140
2023-05-20,Rice,Grains,Winter,low,low,118.09681005800324,104.56,5,2023,140
2023-05-20,Wheat,Grains,Winter,medium,low,138.0477381189307,162.95,5,2023,140
2023-05-20,Corn,Grains,Winter,high,medium,142.88080744329667,191.22,5,2023,140
2023-05-20,Barley,Grains,Winter,low,none,27.02115573730726,27.97,5,2023,140
2023-05-20,Oats,Grains,Winter,low,medium,122.50950653334367,116.26,5,2023,140
2023-05-20,Milk,Dairy,Winter,medium,low,49.450916744889724,61.79,5,2023,140
2023-05-20,Cheese,Dairy,Winter,high,low,197.40813211150407,277.56,5,2023,140
2023-05-20,Butter,Dairy,Winter,high,none,163.74005086350783,269.77,5,2023,140
2023-05-20,Yogurt,Dairy,Winter,low,medium,183.83530234604535,149.87,5,2023,140
2023-05-20,Cream,Dairy,Winter,low,none,34.09430068632035,30.1,5,2023,140
2023-05-20,Chicken,Meat,Winter,high,none,100.86941845219697,171.61,5,2023,140
2023-05-20,Beef,Meat,Winter,low,none,63.07981157852455,60.24,5,2023,140
2023-05-20,Pork,Meat,Winter,medium,none,177.62332296549909,191.99,5,2023,140
2023-05-20,Fish,Meat,Winter,low,medium,49.26101706765472,40.99,5,2023,140
2023-05-20,Lamb,Meat,Winter,high,none,162.44532544211947,243.26,5,2023,140
2023-05-27,Tomatoes,Vegetables,Winter,low,high,102.39388708991841,90.21,5,2023,147
2023-05-27,Potatoes,Vegetables,Winter,high,medium,188.37646840073614,283.98,5,2023,147
2023-05-27,Onions,Vegetables,Winter,medium,none,51.312959785320594,62.56,5,2023,147
2023-05-27,Carrots,Vegetables,Winter,medium,high,184.26890483895988,206.73,5,2023,147
2023-05-27,Spinach,Vegetables,Winter,high,low,58.05762643980401,89.12,5,2023,147
2023-05-27,Apples,Fruits,Winter,medium,high,62.623565382112425,65.54,5,2023,147
2023-05-27,Bananas,Fruits,Winter,low,none,197.92828720762486,173.36,5,2023,147
2023-05-27,Oranges,Fruits,Winter,high,low,152.18300636035323,212.6,5,2023,147
2023-05-27,Mangoes,Fruits,Winter,medium,none,160.7112180208567,183.62,5,2023,147
2023-05-27,Grapes,Fruits,Winter,medium,low,36.65513978600944,41.11,5,2023,147
2023-05-27,Rice,Grains,Winter,high,none,112.62112226269372,189.96,5,2023,147
2023-05-27,Wheat,Grains,Winter,high,none,44.79213779980555,63.15,5,2023,147
2023-05-27,Corn,Grains,Winter,high,high,45.85184805238693,64.28,5,2023,147
2023-05-27,Barley,Grains,Winter,low,low,63.86747814278168,58.05,5,2023,147
2023-05-27,Oats,Grains,Winter,medium,high,31.37295743484077,35.1,5,2023,147
2023-05-27,Milk,Dairy,Winter,medium,none,84.94513604804047,101.93,5,2023,147
2023-05-27,Cheese,Dairy,Winter,medium,medium,43.00613198486889,44.59,5,2023,147
2023-05-27,Butter,Dairy,Winter,low,low,26.192577521622482,25.6,5,2023,147
2023-05-27,Yogurt,Dairy,Winter,medium,none,82.05855804197735,106.08,5,2023,147
2023-05-27,Cream,Dairy,Winter,medium,medium,93.96965942301978,104.13,5,2023,147
2023-05-27,Chicken,Meat,Winter,low,high,95.1289295240852,71.32,5,2023,147
2023-05-27,Beef,Meat,Winter,medium,none,23.000879107933958,26.15,5,2023,147
2023-05-27,Pork,Meat,Winter,high,none,58.07121487071825,87.33,5,2023,147
2023-05-27,Fish,Meat,Winter,low,medium,111.08804463413058,104.81,5,2023,147
2023-05-27,Lamb,Meat,Winter,low,medium,173.28465200310274,146.93,5,2023,147
2023-06-03,Tomatoes,Vegetables,Spring,high,medium,157.2250184672911,200.34,6,2023,154
2023-06-03,Potatoes,Vegetables,Spring,high,low,133.78162194481723,166.05,6,2023,154
2023-06-03,Onions,Vegetables,Spring,low,medium,55.933185378785154,42.26,6,2023,154
2023-06-03,Carrots,Vegetables,Spring,low,medium,46.19311406973649,31.72,6,2023,154
2023-06-03,Spinach,Vegetables,Spring,high,low,196.80609096859067,227.4,6,2023,154
2023-06-03,Apples,Fruits,Spring,medium,high,83.3096200422174,64.71,6,2023,154
2023-06-03,Bananas,Fruits,Spring,low,low,124.07930862019211,98.81,6,2023,154
2023-06-03,Oranges,Fruits,Spring,high,medium,25.250580612333792,26.9,6,2023,154
2023-06-03,Mangoes,Fruits,Spring,low,low,146.20595959399762,120.27,6,2023,154
2023-06-03,Grapes,Fruits,Spring,low,low,146.37486203920938,109.94,6,2023,154
2023-06-03,Rice,Grains,Spring,medium,none,43.52107347438723,46.73,6,2023,154
2023-06-03,Wheat,Grains,Spring,medium,high,182.8015060812489,158.31,6,2023,154
2023-06-03,Corn,Grains,Spring,medium,none,149.47410962452045,148.4,6,2023,154
2023-06-03,Barley,Grains,Spring,medium,low,64.24734566406343,59.03,6,2023,154
2023-06-03,Oats,Grains,Spring,high,high,191.40752261600701,217.07,6,2023,154
2023-06-03,Milk,Dairy,Spring,high,high,117.729280008079,126.86,6,2023,154
2023-06-03,Cheese,Dairy,Spring,low,none,37.84630020997231,29.96,6,2023,154
2023-06-03,Butter,Dairy,Spring,high,none,160.03729488276863,194.09,6,2023,154
2023-06-03,Yogurt,Dairy,Spring,low,low,93.13980157347821,73.77,6,2023,154
2023-06-03,Cream,Dairy,Spring,medium,medium,95.40625246272536,78.73,6,2023,154
2023-06-03,Chicken,Meat,Spring,medium,medium,197.22366134770036,169.88,6,2023,154
2023-06-03,Beef,Meat,Spring,high,low,125.44551095874398,169.36,6,2023,154
2023-06-03,Pork,Meat,Spring,low,medium,51.461297819005864,35.17,6,2023,154
2023-06-03,Fish,Meat,Spring,low,none,149.16104887673643,123.47,6,2023,154
2023-06-03,Lamb,Meat,Spring,medium,high,130.60990284593464,101.66,6,2023,154
2023-06-10,Tomatoes,Vegetables,Spring,low,high,79.56465784043513,59.38,6,2023,161
2023-06-10,Potatoes,Vegetables,Spring,high,medium,90.09016034003723,111.74,6,2023,161
2023-06-10,Onions,Vegetables,Spring,medium,medium,172.21557649239585,152.24,6,2023,161
2023-06-10,Carrots,Vegetables,Spring,high,high,62.17851181709482,73.92,6,2023,161
2023-06-10,Spinach,Vegetables,Spring,high,low,193.80976964855913,228.29,6,2023,161
2023-06-10,Apples,Fruits,Spring,high,medium,199.63594200048686,229.27,6,2023,161
2023-06-10,Bananas,Fruits,Spring,medium,low,196.44701740696982,195.66,6,2023,161
2023-06-10,Oranges,Fruits,Spring,low,medium,25.672347754798086,18.98,6,2023,161
2023-06-10,Mangoes,Fruits,Spring,medium,medium,181.8243168769071,151.66,6,2023,161
2023-06-10,Grapes,Fruits,Spring,high,low,40.836808324338435,46.8,6,2023,161
2023-06-10,Rice,Grains,Spring,low,none,113.64175289072458,98.33,6,2023,161
2023-06-10,Wheat,Grains,Spring,high,high,35.7350254167951,41.96,6,2023,161
2023-06-10,Corn,Grains,Spring,medium,low,59.07858130458026,61.38,6,2023,161
2023-06-10,Barley,Grains,Spring,low,medium,46.61343881522908,31.43,6,2023,161
2023-06-10,Oats,Grains,Spring,medium,high,122.13977744418132,113.47,6,2023,161
2023-06-10,Milk,Dairy,Spring,medium,none,69.23756522034864,75.92,6,2023,161
2023-06-10,Cheese,Dairy,Spring,high,medium,116.56467041392517,129.77,6,2023,161
2023-06-10,Butter,Dairy,Spring,high,medium,146.24544085587945,155.69,6,2023,161
2023-06-10,Yogurt,Dairy,Spring,medium,none,127.88454568444449,139.48,6,2023,161
2023-06-10,Cream,Dairy,Spring,high,none,182.57432433010143,217.04,6,2023,161
2023-06-10,Chicken,Meat,Spring,medium,none,143.19836499247535,150.79,6,2023,161
2023-06-10,Beef,Meat,Spring,low,medium,107.35231413110877,79.59,6,2023,161
2023-06-10,Pork,Meat,Spring,low,medium,51.02954517892992,37.57,6,2023,161
2023-06-10,Fish,Meat,Spring,high,medium,48.29669904025177,56.71,6,2023,161
2023-06-10,Lamb,Meat,Spring,medium,medium,33.1217213368979,28.34,6,2023,161
2023-06-17,Tomatoes,Vegetables,Spring,high,high,164.66482133791445,199.38,6,2023,168
2023-06-17,Potatoes,Vegetables,Spring,medium,none,110.33651558441066,102.23,6,2023,168
2023-06-17,Onions,Vegetables,Spring,medium,high,118.44479248276235,99.03,6,2023,168
2023-06-17,Carrots,Vegetables,Spring,high,none,173.59126374209634,207.58,6,2023,168
2023-06-17,Spinach,Vegetables,Spring,high,high,36.329758894609554,37.16,6,2023,168
2023-06-17,Apples,Fruits,Spring,medium,none,149.5994244729403,163.39,6,2023,168
2023-06-17,Bananas,Fruits,Spring,high,high,182.51624421778703,185.41,6,2023,168
2023-06-17,Oranges,Fruits,Spring,low,low,69.34952678101402,56.64,6,2023,168
2023-06-17,Mangoes,Fruits,Spring,high,high,42.82432384281681,48.21,6,2023,168
2023-06-17,Grapes,Fruits,Spring,high,high,42.87988835606431,43.75,6,2023,168
2023-06-17,Rice,Grains,Spring,low,low,101.58814293590385,78.46,6,2023,168
2023-06-17,Wheat,Grains,Spring,low,none,34.20737390691421,27.23,6,2023,168
2023-06-17,Corn,Grains,Spring,medium,low,85.06768696792618,81.29,6,2023,168
2023-06-17,Barley,Grains,Spring,low,medium,125.19126588610233,87.27,6,2023,168
2023-06-17,Oats,Grains,Spring,medium,low,164.98393094730562,142.8,6,2023,168
2023-06-17,Milk,Dairy,Spring,low,none,119.75377718086241,104.13,6,2023,168
2023-06-17,Cheese,Dairy,Spring,high,medium,150.6910386912454,190.71,6,2023,168
2023-06-17,Butter,Dairy,Spring,medium,high,128.82333984648358,110.76,6,2023,168
2023-06-17,Yogurt,Dairy,Spring,low,medium,196.0995453819046,135.69,6,2023,168
2023-06-17,Cream,Dairy,Spring,low,low,50.39467208606636,36.82,6,2023,168
2023-06-17,Chicken,Meat,Spring,high,low,26.328665048814948,31.15,6,2023,168
2023-06-17,Beef,Meat,Spring,high,none,34.76193341747377,46.75,6,2023,168
2023-06-17,Pork,Meat,Spring,low,high,79.17682295980099,51.08,6,2023,168
2023-06-17,Fish,Meat,Spring,low,low,102.39763028674415,71.23,6,2023,168
2023-06-17,Lamb,Meat,Spring,medium,medium,139.52594596003718,125.3,6,2023,168
2023-06-24,Tomatoes,Vegetables,Spring,high,none,71.4961859656269,101.22,6,2023,175
2023-06-24,Potatoes,Vegetables,Spring,high,medium,185.0738203045664,214.92,6,2023,175
2023-06-24,Onions,Vegetables,Spring,medium,low,167.29409169908874,148.87,6,2023,175
2023-06-24,Carrots,Vegetables,Spring,high,high,167.76545845034005,173.85,6,2023,175
2023-06-24,Spinach,Vegetables,Spring,low,low,70.72352307136865,53.67,6,2023,175
2023-06-24,Apples,Fruits,Spring,low,medium,34.748919026866304,27.4,6,2023,175
2023-06-24,Bananas,Fruits,Spring,medium,low,87.72667927947595,79.5,6,2023,175
2023-06-24,Oranges,Fruits,Spring,high,high,146.43176979450777,146.86,6,2023,175
2023-06-24,Mangoes,Fruits,Spring,medium,medium,151.15466401704182,127.93,6,2023,175
2023-06-24,Grapes,Fruits,Spring,high,medium,39.81327683259029,49.72,6,2023,175
2023-06-24,Rice,Grains,Spring,high,high,175.75302065618442,203.04,6,2023,175
2023-06-24,Wheat,Grains,Spring,high,medium,40.728041732516665,49.24,6,2023,175
2023-06-24,Corn,Grains,Spring,low,low,56.1283117244826,40.06,6,2023,175
2023-06-24,Barley,Grains,Spring,high,high,76.42592477236107,82.94,6,2023,175
2023-06-24,Oats,Grains,Spring,high,medium,187.9747250688233,233.21,6,2023,175
2023-06-24,Milk,Dairy,Spring,medium,medium,103.94742701081874,98.05,6,2023,175
2023-06-24,Cheese,Dairy,Spring,medium,medium,41.24108479148748,34.11,6,2023,175
2023-06-24,Butter,Dairy,Spring,medium,medium,24.944701252337275,24.67,6,2023,175
2023-06-24,Yogurt,Dairy,Spring,high,none,51.479108515075275,69.93,6,2023,175
2023-06-24,Cream,Dairy,Spring,high,medium,110.9636602828087,122.11,6,2023,175
2023-06-24,Chicken,Meat,Spring,high,medium,154.21309985369035,186.41,6,2023,175
2023-06-24,Beef,Meat,Spring,medium,medium,108.82639965311799,95.44,6,2023,175
2023-06-24,Pork,Meat,Spring,medium,high,65.83947786019314,54.93,6,2023,175
2023-06-24,Fish,Meat,Spring,low,none,197.58250834027876,146.75,6,2023,175
2023-06-24,Lamb,Meat,Spring,high,none,29.508660903548446,34.94,6,2023,175
2023-07-01,Tomatoes,Vegetables,Summer,medium,low,170.55915272770218,146.62,7,2023,182
2023-07-01,Potatoes,Vegetables,Summer,low,low,121.08701138819495,79.82,7,2023,182
2023-07-01,Onions,Vegetables,Summer,low,high,126.82935484793326,71.66,7,2023,182
2023-07-01,Carrots,Vegetables,Summer,medium,none,194.6210395553178,158.19,7,2023,182
2023-07-01,Spinach,Vegetables,Summer,medium,medium,84.81793354078039,63.83,7,2023,182
2023-07-01,Apples,Fruits,Summer,medium,low,145.53769110269465,136.87,7,2023,182
2023-07-01,Bananas,Fruits,Summer,medium,low,20.39314571430478,16.19,7,2023,182
2023-07-01,Oranges,Fruits,Summer,low,medium,185.71306460793966,110.05,7,2023,182
2023-07-01,Mangoes,Fruits,Summer,high,none,146.59040972760508,185.92,7,2023,182
2023-07-01,Grapes,Fruits,Summer,high,high,137.04591279685906,148.5,7,2023,182
2023-07-01,Rice,Grains,Summer,medium,low,66.54030745524426,55.78,7,2023,182
2023-07-01,Wheat,Grains,Summer,medium,low,29.220373352776384,23.1,7,2023,182
2023-07-01,Corn,Grains,Summer,high,high,92.17465880390331,96.67,7,2023,182
2023-07-01,Barley,Grains,Summer,medium,high,164.5706920938916,122.54,7,2023,182
2023-07-01,Oats,Grains,Summer,low,none,87.2035689857297,66.53,7,2023,182
2023-07-01,Milk,Dairy,Summer,high,low,147.30109910037618,159.77,7,2023,182
2023-07-01,Cheese,Dairy,Summer,low,low,28.50047776905587,21.27,7,2023,182
2023-07-01,Butter,Dairy,Summer,low,medium,32.67296523245255,21.14,7,2023,182
2023-07-01,Yogurt,Dairy,Summer,high,medium,20.712789742185695,21.28,7,2023,182
2023-07-01,Cream,Dairy,Summer,high,high,171.76607570535418,183.35,7,2023,182
2023-07-01,Chicken,Meat,Summer,low,medium,180.91515034325084,107.73,7,2023,182
2023-07-01,Beef,Meat,Summer,medium,none,117.94268035335816,111.6,7,2023,182
2023-07-01,Pork,Meat,Summer,low,low,129.2089163546007,79.73,7,2023,182
2023-07-01,Fish,Meat,Summer,low,medium,36.45672839510766,25.48,7,2023,182
2023-07-01,Lamb,Meat,Summer,high,high,71.68965772350035,65.81,7,2023,182
2023-07-08,Tomatoes,Vegetables,Summer,high,medium,89.9535702092785,102.63,7,2023,189
2023-07-08,Potatoes,Vegetables,Summer,medium,none,141.16004266241515,136.77,7,2023,189
2023-07-08,Onions,Vegetables,Summer,medium,medium,105.13830686566747,79.89,7,2023,189
2023-07-08,Carrots,Vegetables,Summer,medium,high,103.16708171112,86.52,7,2023,189
2023-07-08,Spinach,Vegetables,Summer,low,medium,37.52781123944076,23.59,7,2023,189
2023-07-08,Apples,Fruits,Summer,medium,none,187.10705935654252,170.06,7,2023,189
2023-07-08,Bananas,Fruits,Summer,high,high,126.3559281311206,119.52,7,2023,189
2023-07-08,Oranges,Fruits,Summer,high,low,85.6219569535756,89.36,7,2023,189
2023-07-08,Mangoes,Fruits,Summer,high,high,168.83621249120517,176.71,7,2023,189
2023-07-08,Grapes,Fruits,Summer,low,low,148.44932592742487,102.94,7,2023,189
2023-07-08,Rice,Grains,Summer,medium,high,176.19016750491662,147.36,7,2023,189
2023-07-08,Wheat,Grains,Summer,high,medium,101.39871801830925,116.69,7,2023,189
2023-07-08,Corn,Grains,Summer,medium,high,149.21670449934714,118.68,7,2023,189
2023-07-08,Barley,Grains,Summer,medium,medium,72.88300471777896,61.42,7,2023,189
2023-07-08,Oats,Grains,Summer,medium,medium,86.9108572309629,73.26,7,2023,189
2023-07-08,Milk,Dairy,Summer,high,none,23.906017149597492,26.09,7,2023,189
2023-07-08,Cheese,Dairy,Summer,low,medium,121.8086349946478,71.25,7,2023,189
2023-07-08,Butter,Dairy,Summer,high,high,85.31584705911862,90.76,7,2023,189
2023-07-08,Yogurt,Dairy,Summer,medium,high,179.9555804905731,143.96,7,2023,189
2023-07-08,Cream,Dairy,Summer,low,high,76.96182377602238,44.22,7,2023,189
2023-07-08,Chicken,Meat,Summer,medium,none,121.15065979878307,99.97,7,2023,189
2023-07-08,Beef,Meat,Summer,high,none,143.30109559937216,162.97,7,2023,189
2023-07-08,Pork,Meat,Summer,high,low,33.810211902084106,37.15,7,2023,189
2023-07-08,Fish,Meat,Summer,low,medium,140.36075928162074,94.28,7,2023,189
2023-07-08,Lamb,Meat,Summer,low,none,176.8679375163299,139.54,7,2023,189
2023-07-15,Tomatoes,Vegetables,Summer,high,none,89.54626468462526,99.39,7,2023,196
2023-07-15,Potatoes,Vegetables,Summer,low,high,154.055131693386,99.23,7,2023,196
2023-07-15,Onions,Vegetables,Summer,high,none,182.05620312340835,220.33,7,2023,196
2023-07-15,Carrots,Vegetables,Summer,high,high,134.37702572653495,142.33,7,2023,196
2023-07-15,Spinach,Vegetables,Summer,low,medium,176.2765536402162,118.75,7,2023,196
2023-07-15,Apples,Fruits,Summer,high,medium,68.28506460601594,72.17,7,2023,196
2023-07-15,Bananas,Fruits,Summer,high,medium,26.75515835572456,30.54,7,2023,196
2023-07-15,Oranges,Fruits,Summer,low,none,194.31544349007342,151.65,7,2023,196
2023-07-15,Mangoes,Fruits,Summer,high,high,76.01505280472165,80.87,7,2023,196
2023-07-15,Grapes,Fruits,Summer,medium,none,183.08343278798537,169.04,7,2023,196
2023-07-15,Rice,Grains,Summer,high,medium,66.24457124461281,65.07,7,2023,196
2023-07-15,Wheat,Grains,Summer,medium,high,110.66949822619213,86.62,7,2023,196
2023-07-15,Corn,Grains,Summer,medium,medium,54.68439704473423,44.52,7,2023,196
2023-07-15,Barley,Grains,Summer,low,medium,149.25831283208404,105.38,7,2023,196
2023-07-15,Oats,Grains,Summer,medium,none,29.66547414787523,24.96,7,2023,196
2023-07-15,Milk,Dairy,Summer,high,medium,144.2307927087798,163.78,7,2023,196
2023-07-15,Cheese,Dairy,Summer,high,low,151.9179415191017,177.05,7,2023,196
2023-07-15,Butter,Dairy,Summer,medium,low,70.35804755966736,55.2,7,2023,196
2023-07-15,Yogurt,Dairy,Summer,high,none,94.45979424497725,114.79,7,2023,196
2023-07-15,Cream,Dairy,Summer,medium,low,198.31569269099222,181.4,7,2023,196
2023-07-15,Chicken,Meat,Summer,medium,none,99.85623478374302,93.18,7,2023,196
2023-07-15,Beef,Meat,Summer,low,low,178.8394144425647,131.46,7,2023,196
2023-07-15,Pork,Meat,Summer,high,high,30.757209352109196,29.54,7,2023,196
2023-07-15,Fish,Meat,Summer,low,none,76.62577401453197,60.03,7,2023,196
2023-07-15,Lamb,Meat,Summer,high,none,28.600645642652967,30.96,7,2023,196
2023-07-22,Tomatoes,Vegetables,Summer,low,medium,75.98126066075973,51.82,7,2023,203
2023-07-22,Potatoes,Vegetables,Summer,medium,high,110.92080003392114,84.27,7,2023,203
2023-07-22,Onions,Vegetables,Summer,medium,high,30.48280954764954,23.02,7,2023,203
2023-07-22,Carrots,Vegetables,Summer,medium,high,48.24247234630162,38.88,7,2023,203
2023-07-22,Spinach,Vegetables,Summer,medium,high,68.29169607699907,54.56,7,2023,203
2023-07-22,Apples,Fruits,Summer,low,high,189.43020720322363,106.09,7,2023,203
2023-07-22,Bananas,Fruits,Summer,low,medium,131.2159977941666,78.48,7,2023,203
2023-07-22,Oranges,Fruits,Summer,medium,low,42.70477844290737,38.07,7,2023,203
2023-07-22,Mangoes,Fruits,Summer,high,low,65.43230868958722,74.11,7,2023,203
2023-07-22,Grapes,Fruits,Summer,high,low,117.05488294291659,129.7,7,2023,203
2023-07-22,Rice,Grains,Summer,medium,high,31.448258548003523,25.7,7,2023,203
2023-07-22,Wheat,Grains,Summer,low,low,199.43287117065918,131.51,7,2023,203
2023-07-22,Corn,Grains,Summer,high,low,183.1975934513598,208.32,7,2023,203
2023-07-22,Barley,Grains,Summer,medium,high,93.02859635257059,68.99,7,2023,203
2023-07-22,Oats,Grains,Summer,medium,none,67.74113405048143,66.43,7,2023,203
2023-07-22,Milk,Dairy,Summer,medium,none,107.61518870341679,97.59,7,2023,203
2023-07-22,Cheese,Dairy,Summer,high,none,32.69901146778103,40.3,7,2023,203
2023-07-22,Butter,Dairy,Summer,medium,medium,138.43098401682664,115.44,7,2023,203
2023-07-22,Yogurt,Dairy,Summer,medium,medium,194.4099914913724,170.85,7,2023,203
2023-07-22,Cream,Dairy,Summer,medium,high,113.08374056191485,80.05,7,2023,203
2023-07-22,Chicken,Meat,Summer,medium,none,126.64882625175291,116.78,7,2023,203
2023-07-22,Beef,Meat,Summer,medium,high,21.808456589869685,16.65,7,2023,203
2023-07-22,Pork,Meat,Summer,high,medium,191.0906410860443,187.68,7,2023,203
2023-07-22,Fish,Meat,Summer,low,low,69.85183126242978,49.75,7,2023,203
2023-07-22,Lamb,Meat,Summer,low,high,62.877698385610906,38.05,7,2023,203
2023-07-29,Tomatoes,Vegetables,Summer,high,none,180.43650840916203,196.13,7,2023,210
2023-07-29,Potatoes,Vegetables,Summer,low,low,114.37668890122178,79.92,7,2023,210
2023-07-29,Onions,Vegetables,Summer,high,none,197.00969968290306,211.36,7,2023,210
2023-07-29,Carrots,Vegetables,Summer,low,none,165.37265652133553,127.51,7,2023,210
2023-07-29,Spinach,Vegetables,Summer,high,high,142.97160138316724,150.23,7,2023,210
2023-07-29,Apples,Fruits,Summer,high,medium,172.19194595130088,181.63,7,2023,210
2023-07-29,Bananas,Fruits,Summer,low,medium,61.9223309569067,41.95,7,2023,210
2023-07-29,Oranges,Fruits,Summer,high,low,196.5370113899933,206.47,7,2023,210
2023-07-29,Mangoes,Fruits,Summer,medium,none,58.123666978670485,49.04,7,2023,210
2023-07-29,Grapes,Fruits,Summer,low,none,31.9987693681951,20.85,7,2023,210
2023-07-29,Rice,Grains,Summer,medium,high,170.34393082859583,139.22,7,2023,210
2023-07-29,Wheat,Grains,Summer,medium,medium,119.8316884180061,105.34,7,2023,210
2023-07-29,Corn,Grains,Summer,high,none,21.63767263053968,24.05,7,2023,210
2023-07-29,Barley,Grains,Summer,low,medium,140.4767749454303,90.3,7,2023,210
2023-07-29,Oats,Grains,Summer,medium,low,129.25516092936778,117.25,7,2023,210
2023-07-29,Milk,Dairy,Summer,medium,medium,194.11906004362456,172.31,7,2023,210
2023-07-29,Cheese,Dairy,Summer,low,medium,145.3452378559455,89.3,7,2023,210
2023-07-29,Butter,Dairy,Summer,high,none,153.8484531609112,173.42,7,2023,210
2023-07-29,Yogurt,Dairy,Summer,low,high,107.06848983032837,62.36,7,2023,210
2023-07-29,Cream,Dairy,Summer,high,medium,24.661292644907327,26.25,7,2023,210
2023-07-29,Chicken,Meat,Summer,low,low,20.28821375882519,13.16,7,2023,210
2023-07-29,Beef,Meat,Summer,low,low,78.23443047266682,54.34,7,2023,210
2023-07-29,Pork,Meat,Summer,medium,high,47.87145103654189,33.81,7,2023,210
2023-07-29,Fish,Meat,Summer,high,none,138.08024383755966,169.55,7,2023,210
2023-07-29,Lamb,Meat,Summer,low,low,118.9576192278836,75.99,7,2023,210
2023-08-05,Tomatoes,Vegetables,Monsoon,medium,high,134.62786357118352,97.51,8,2023,217
2023-08-05,Potatoes,Vegetables,Monsoon,low,high,30.801474666022123,18.18,8,2023,217
2023-08-05,Onions,Vegetables,Monsoon,high,none,110.54787456026385,124.46,8,2023,217
2023-08-05,Carrots,Vegetables,Monsoon,medium,low,177.28304427557853,133.05,8,2023,217
2023-08-05,Spinach,Vegetables,Monsoon,low,none,81.14467132632568,49.72,8,2023,217
2023-08-05,Apples,Fruits,Monsoon,low,high,64.97976915756203,33.07,8,2023,217
2023-08-05,Bananas,Fruits,Monsoon,high,medium,145.1215668702381,135.37,8,2023,217
2023-08-05,Oranges,Fruits,Monsoon,high,low,90.25864026707984,80.78,8,2023,217
2023-08-05,Mangoes,Fruits,Monsoon,high,none,158.43939383131385,163.01,8,2023,217
2023-08-05,Grapes,Fruits,Monsoon,high,high,119.12428846471641,99.25,8,2023,217
2023-08-05,Rice,Grains,Monsoon,medium,low,113.62427260124328,82.18,8,2023,217
2023-08-05,Wheat,Grains,Monsoon,high,medium,167.34678146715942,168.21,8,2023,217
2023-08-05,Corn,Grains,Monsoon,low,none,157.5372055841983,91.47,8,2023,217
2023-08-05,Barley,Grains,Monsoon,medium,none,38.33250772562889,28.82,8,2023,217
2023-08-05,Oats,Grains,Monsoon,medium,high,86.82876569097088,61.71,8,2023,217
2023-08-05,Milk,Dairy,Monsoon,low,low,40.381620186642564,24.48,8,2023,217
2023-08-05,Cheese,Dairy,Monsoon,medium,high,117.34887151487715,76.38,8,2023,217
2023-08-05,Butter,Dairy,Monsoon,medium,low,32.799927478418624,25.92,8,2023,217
2023-08-05,Yogurt,Dairy,Monsoon,high,none,94.16319301129815,106.35,8,2023,217
2023-08-05,Cream,Dairy,Monsoon,low,high,190.6154195598324,105.97,8,2023,217
2023-08-05,Chicken,Meat,Monsoon,medium,high,66.05705734619829,46.52,8,2023,217
2023-08-05,Beef,Meat,Monsoon,high,medium,60.81216084170506,59.17,8,2023,217
2023-08-05,Pork,Meat,Monsoon,high,medium,36.28933599725602,32.36,8,2023,217
2023-08-05,Fish,Meat,Monsoon,medium,medium,150.38954407964803,116.77,8,2023,217
2023-08-05,Lamb,Meat,Monsoon,high,low,97.56944057329883,95.2,8,2023,217
2023-08-12,Tomatoes,Vegetables,Monsoon,medium,high,93.57387730553502,64.72,8,2023,224
2023-08-12,Potatoes,Vegetables,Monsoon,high,low,113.81127048443676,102.68,8,2023,224
2023-08-12,Onions,Vegetables,Monsoon,low,low,151.2947807707773,89.39,8,2023,224
2023-08-12,Carrots,Vegetables,Monsoon,low,high,165.5044080496533,95.36,8,2023,224
2023-08-12,Spinach,Vegetables,Monsoon,high,high,75.03610295222745,69.57,8,2023,224
2023-08-12,Apples,Fruits,Monsoon,medium,low,47.356432845329216,34.88,8,2023,224
2023-08-12,Bananas,Fruits,Monsoon,low,medium,165.38642642793027,86.94,8,2023,224
2023-08-12,Oranges,Fruits,Monsoon,low,high,43.707716337143914,24.41,8,2023,224
2023-08-12,Mangoes,Fruits,Monsoon,medium,low,65.57620940659581,50.11,8,2023,224
2023-08-12,Grapes,Fruits,Monsoon,low,medium,137.97847611931903,85.27,8,2023,224
2023-08-12,Rice,Grains,Monsoon,low,none,75.68634117440232,43.75,8,2023,224
2023-08-12,Wheat,Grains,Monsoon,low,medium,87.0782833809465,47.23,8,2023,224
2023-08-12,Corn,Grains,Monsoon,medium,low,163.8107411729071,122.39,8,2023,224
2023-08-12,Barley,Grains,Monsoon,medium,high,71.03864196373658,50.43,8,2023,224
2023-08-12,Oats,Grains,Monsoon,low,low,84.59636437889458,50.23,8,2023,224
2023-08-12,Milk,Dairy,Monsoon,high,medium,74.814174047249,68.33,8,2023,224
2023-08-12,Cheese,Dairy,Monsoon,medium,low,74.49816937113651,60.22,8,2023,224
2023-08-12,Butter,Dairy,Monsoon,low,medium,187.38591736621967,111.42,8,2023,224
2023-08-12,Yogurt,Dairy,Monsoon,low,none,182.58925200300456,115.42,8,2023,224
2023-08-12,Cream,Dairy,Monsoon,medium,medium,59.28917578066888,38.53,8,2023,224
2023-08-12,Chicken,Meat,Monsoon,medium,medium,47.713382959970694,32.5,8,2023,224
2023-08-12,Beef,Meat,Monsoon,low,medium,72.41536189939235,38.17,8,2023,224
2023-08-12,Pork,Meat,Monsoon,low,none,168.9646191465264,110.21,8,2023,224
2023-08-12,Fish,Meat,Monsoon,medium,high,36.13740162242222,22.56,8,2023,224
2023-08-12,Lamb,Meat,Monsoon,medium,medium,193.07787011859972,137.89,8,2023,224
2023-08-19,Tomatoes,Vegetables,Monsoon,low,low,60.2484586982608,35.49,8,2023,231
2023-08-19,Potatoes,Vegetables,Monsoon,low,none,48.977197703727455,29.33,8,2023,231
2023-08-19,Onions,Vegetables,Monsoon,medium,high,179.93599193440727,114.31,8,2023,231
2023-08-19,Carrots,Vegetables,Monsoon,high,none,40.38382129516758,44.97,8,2023,231
2023-08-19,Spinach,Vegetables,Monsoon,medium,none,152.72713496552083,120.57,8,2023,231
2023-08-19,Apples,Fruits,Monsoon,high,none,154.56748305789964,167.98,8,2023,231
2023-08-19,Bananas,Fruits,Monsoon,low,medium,40.55308044268379,21.43,8,2023,231
2023-08-19,Oranges,Fruits,Monsoon,low,medium,20.25710175425181,12.45,8,2023,231
2023-08-19,Mangoes,Fruits,Monsoon,high,none,123.01673341341377,122.48,8,2023,231
2023-08-19,Grapes,Fruits,Monsoon,high,high,70.48191165680996,58.12,8,2023,231
2023-08-19,Rice,Grains,Monsoon,low,low,71.3335872818086,46.89,8,2023,231
2023-08-19,Wheat,Grains,Monsoon,low,medium,195.51569054738263,107.31,8,2023,231
2023-08-19,Corn,Grains,Monsoon,low,high,71.70344263547135,41.4,8,2023,231
2023-08-19,Barley,Grains,Monsoon,high,high,28.975623768952197,23.86,8,2023,231
2023-08-19,Oats,Grains,Monsoon,high,low,22.704057556501933,22.83,8,2023,231
2023-08-19,Milk,Dairy,Monsoon,low,medium,44.89097121285459,26.13,8,2023,231
2023-08-19,Cheese,Dairy,Monsoon,low,high,127.7989570563171,74.73,8,2023,231
2023-08-19,Butter,Dairy,Monsoon,medium,high,188.96947435601535,130.15,8,2023,231
2023-08-19,Yogurt,Dairy,Monsoon,medium,low,93.85270452991038,65.98,8,2023,231
2023-08-19,Cream,Dairy,Monsoon,low,high,39.17922449890034,20.29,8,2023,231
2023-08-19,Chicken,Meat,Monsoon,high,high,65.83910355784042,54.57,8,2023,231
2023-08-19,Beef,Meat,Monsoon,medium,none,46.65075670798934,37.92,8,2023,231
2023-08-19,Pork,Meat,Monsoon,high,none,133.01548868037827,136.49,8,2023,231
2023-08-19,Fish,Meat,Monsoon,high,none,163.94453516050243,167.99,8,2023,231
2023-08-19,Lamb,Meat,Monsoon,high,low,80.06675736361339,83.44,8,2023,231
2023-08-26,Tomatoes,Vegetables,Monsoon,low,medium,29.373033119828555,17.92,8,2023,238
2023-08-26,Potatoes,Vegetables,Monsoon,low,none,105.88634767802887,64.18,8,2023,238
2023-08-26,Onions,Vegetables,Monsoon,low,medium,187.85071155752885,112.74,8,2023,238
2023-08-26,Carrots,Vegetables,Monsoon,medium,low,106.80054146071878,88.88,8,2023,238
2023-08-26,Spinach,Vegetables,Monsoon,medium,low,193.8386798991717,156.48,8,2023,238
2023-08-26,Apples,Fruits,Monsoon,medium,high,55.50367991006303,39.07,8,2023,238
2023-08-26,Bananas,Fruits,Monsoon,medium,none,92.90019774575872,72.65,8,2023,238
2023-08-26,Oranges,Fruits,Monsoon,medium,low,78.17496497432793,57.79,8,2023,238
2023-08-26,Mangoes,Fruits,Monsoon,medium,medium,90.25182355936457,67.2,8,2023,238
2023-08-26,Grapes,Fruits,Monsoon,low,low,71.99109460595243,40.86,8,2023,238
2023-08-26,Rice,Grains,Monsoon,medium,low,41.807983026977375,34.38,8,2023,238
2023-08-26,Wheat,Grains,Monsoon,medium,medium,54.85228576318294,39.09,8,2023,238
2023-08-26,Corn,Grains,Monsoon,medium,high,127.82198795844216,82.17,8,2023,238
2023-08-26,Barley,Grains,Monsoon,low,medium,187.6682696454067,114.18,8,2023,238
2023-08-26,Oats,Grains,Monsoon,high,none,23.492224211278778,25.06,8,2023,238
2023-08-26,Milk,Dairy,Monsoon,high,high,69.53423811922562,59.87,8,2023,238
2023-08-26,Cheese,Dairy,Monsoon,low,medium,60.707287964381315,37.17,8,2023,238
2023-08-26,Butter,Dairy,Monsoon,high,medium,62.106107740289275,56.89,8,2023,238
2023-08-26,Yogurt,Dairy,Monsoon,low,high,52.33721923196154,27.13,8,2023,238
2023-08-26,Cream,Dairy,Monsoon,high,none,96.95136036667692,97.53,8,2023,238
2023-08-26,Chicken,Meat,Monsoon,high,none,79.14878110637169,81.96,8,2023,238
2023-08-26,Beef,Meat,Monsoon,medium,high,52.51460562943676,37.17,8,2023,238
2023-08-26,Pork,Meat,Monsoon,low,none,25.362290725871993,14.85,8,2023,238
2023-08-26,Fish,Meat,Monsoon,medium,low,116.41881111106018,79.72,8,2023,238
2023-08-26,Lamb,Meat,Monsoon,low,none,188.59903482524257,112.24,8,2023,238
2023-09-02,Tomatoes,Vegetables,Autumn,low,none,111.79731427642949,106.27,9,2023,245
2023-09-02,Potatoes,Vegetables,Autumn,high,low,187.40096800239309,254.16,9,2023,245
2023-09-02,Onions,Vegetables,Autumn,medium,high,181.32252484630396,152.71,9,2023,245
2023-09-02,Carrots,Vegetables,Autumn,medium,none,77.61072155304484,80.76,9,2023,245
2023-09-02,Spinach,Vegetables,Autumn,high,medium,55.922890861268975,68.55,9,2023,245
2023-09-02,Apples,Fruits,Autumn,low,high,29.422492117636356,23.34,9,2023,245
2023-09-02,Bananas,Fruits,Autumn,medium,low,173.2680526963784,178.03,9,2023,245
2023-09-02,Oranges,Fruits,Autumn,high,high,196.01366483032072,224.69,9,2023,245
2023-09-02,Mangoes,Fruits,Autumn,high,high,72.53609186655196,86.04,9,2023,245
2023-09-02,Grapes,Fruits,Autumn,medium,medium,183.9501608581557,193.48,9,2023,245
2023-09-02,Rice,Grains,Autumn,high,none,175.88417432251245,269.15,9,2023,245
2023-09-02,Wheat,Grains,Autumn,high,none,178.01251598298157,262.51,9,2023,245
2023-09-02,Corn,Grains,Autumn,low,none,88.80271760260845,81.62,9,2023,245
2023-09-02,Barley,Grains,Autumn,medium,none,175.13752682284547,193.1,9,2023,245
2023-09-02,Oats,Grains,Autumn,high,none,48.60645803195088,69.16,9,2023,245
2023-09-02,Milk,Dairy,Autumn,low,low,77.10665138423616,64.43,9,2023,245
2023-09-02,Cheese,Dairy,Autumn,medium,none,75.806124322241,89.51,9,2023,245
2023-09-02,Butter,Dairy,Autumn,high,high,141.14146993196186,164.36,9,2023,245
2023-09-02,Yogurt,Dairy,Autumn,medium,none,178.8023145837377,204.98,9,2023,245
2023-09-02,Cream,Dairy,Autumn,medium,none,195.2059819074117,213.6,9,2023,245
2023-09-02,Chicken,Meat,Autumn,high,none,100.41898859112924,152.77,9,2023,245
2023-09-02,Beef,Meat,Autumn,high,none,84.76848211458197,116.2,9,2023,245
2023-09-02,Pork,Meat,Autumn,low,medium,87.51789295730299,66.81,9,2023,245
2023-09-02,Fish,Meat,Autumn,high,low,194.41421517481393,253.45,9,2023,245
2023-09-02,Lamb,Meat,Autumn,medium,low,42.76356417264281,43.46,9,2023,245
2023-09-09,Tomatoes,Vegetables,Autumn,high,medium,138.8845498455976,167.98,9,2023,252
2023-09-09,Potatoes,Vegetables,Autumn,medium,low,128.30358955168373,131.75,9,2023,252
2023-09-09,Onions,Vegetables,Autumn,high,none,118.39068913946079,177.72,9,2023,252
2023-09-09,Carrots,Vegetables,Autumn,medium,high,169.02649181815625,143.46,9,2023,252
2023-09-09,Spinach,Vegetables,Autumn,low,high,54.943178680275,39.89,9,2023,252
2023-09-09,Apples,Fruits,Autumn,low,medium,78.62639808398642,66.97,9,2023,252
2023-09-09,Bananas,Fruits,Autumn,medium,high,27.25063521211646,27.29,9,2023,252
2023-09-09,Oranges,Fruits,Autumn,low,low,164.39654159045418,142.76,9,2023,252
2023-09-09,Mangoes,Fruits,Autumn,medium,medium,48.733896219219226,49.86,9,2023,252
2023-09-09,Grapes,Fruits,Autumn,low,medium,184.08383970734945,149.34,9,2023,252
2023-09-09,Rice,Grains,Autumn,high,medium,26.983901851199743,37.03,9,2023,252
2023-09-09,Wheat,Grains,Autumn,low,high,158.01830414090043,115.29,9,2023,252
2023-09-09,Corn,Grains,Autumn,low,medium,116.0397980396443,87.15,9,2023,252
2023-09-09,Barley,Grains,Autumn,high,none,57.4817255494786,87.23,9,2023,252
2023-09-09,Oats,Grains,Autumn,medium,medium,70.34129417835976,69.7,9,2023,252
2023-09-09,Milk,Dairy,Autumn,low,none,175.81610654709175,141.68,9,2023,252
2023-09-09,Cheese,Dairy,Autumn,low,low,84.15285245293964,73.73,9,2023,252
2023-09-09,Butter,Dairy,Autumn,high,none,75.75198481028218,112.67,9,2023,252
2023-09-09,Yogurt,Dairy,Autumn,high,medium,92.32642254830513,124.35,9,2023,252
2023-09-09,Cream,Dairy,Autumn,high,high,131.03925607373267,169.12,9,2023,252
2023-09-09,Chicken,Meat,Autumn,medium,none,66.6919529843337,72.69,9,2023,252
2023-09-09,Beef,Meat,Autumn,medium,low,175.4174026139181,201.53,9,2023,252
2023-09-09,Pork,Meat,Autumn,high,high,47.663144445304425,55.22,9,2023,252
2023-09-09,Fish,Meat,Autumn,high,high,126.34685748119138,138.77,9,2023,252
2023-09-09,Lamb,Meat,Autumn,high,none,187.89883038309705,278.81,9,2023,252
2023-09-16,Tomatoes,Vegetables,Autumn,medium,none,161.30123051748717,164.5,9,2023,259
2023-09-16,Potatoes,Vegetables,Autumn,low,none,100.56259109143498,85.0,9,2023,259
2023-09-16,Onions,Vegetables,Autumn,low,low,104.19476156743944,86.47,9,2023,259
2023-09-16,Carrots,Vegetables,Autumn,medium,low,179.81082606671842,190.0,9,2023,259
2023-09-16,Spinach,Vegetables,Autumn,low,high,92.71573099455505,62.63,9,2023,259
2023-09-16,Apples,Fruits,Autumn,medium,none,71.07419179288209,72.41,9,2023,259
2023-09-16,Bananas,Fruits,Autumn,high,high,128.1722950995495,155.72,9,2023,259
2023-09-16,Oranges,Fruits,Autumn,high,medium,47.871682691640935,59.95,9,2023,259
2023-09-16,Mangoes,Fruits,Autumn,medium,medium,97.83869000897054,91.46,9,2023,259
2023-09-16,Grapes,Fruits,Autumn,high,high,165.00949198657665,215.59,9,2023,259
2023-09-16,Rice,Grains,Autumn,high,medium,122.79676923821265,150.38,9,2023,259
2023-09-16,Wheat,Grains,Autumn,low,high,93.22807653172369,66.91,9,2023,259
2023-09-16,Corn,Grains,Autumn,low,high,25.930616284195395,19.49,9,2023,259
2023-09-16,Barley,Grains,Autumn,medium,none,70.94011437723398,85.75,9,2023,259
2023-09-16,Oats,Grains,Autumn,low,none,106.75751362875306,85.36,9,2023,259
2023-09-16,Milk,Dairy,Autumn,low,low,75.72813411539002,67.59,9,2023,259
2023-09-16,Cheese,Dairy,Autumn,high,none,137.7613960399774,215.43,9,2023,259
2023-09-16,Butter,Dairy,Autumn,medium,high,77.87752983161684,80.04,9,2023,259
2023-09-16,Yogurt,Dairy,Autumn,high,medium,54.41789319441352,69.84,9,2023,259
2023-09-16,Cream,Dairy,Autumn,medium,high,139.53812080662038,142.72,9,2023,259
2023-09-16,Chicken,Meat,Autumn,low,medium,150.31804956242448,109.65,9,2023,259
2023-09-16,Beef,Meat,Autumn,low,high,143.9122323276842,113.84,9,2023,259
2023-09-16,Pork,Meat,Autumn,high,none,75.98660010686066,98.03,9,2023,259
2023-09-16,Fish,Meat,Autumn,high,medium,146.1820280771073,198.4,9,2023,259
2023-09-16,Lamb,Meat,Autumn,medium,high,108.53620794509722,103.18,9,2023,259
2023-09-23,Tomatoes,Vegetables,Autumn,low,high,34.83798896341834,23.82,9,2023,266
2023-09-23,Potatoes,Vegetables,Autumn,medium,medium,106.16630970247981,110.41,9,2023,266
2023-09-23,Onions,Vegetables,Autumn,medium,low,184.08642100510278,179.37,9,2023,266
2023-09-23,Carrots,Vegetables,Autumn,medium,medium,107.5596296855374,114.3,9,2023,266
2023-09-23,Spinach,Vegetables,Autumn,high,none,132.7266694392368,175.61,9,2023,266
2023-09-23,Apples,Fruits,Autumn,low,none,190.2397695043425,176.61,9,2023,266
2023-09-23,Bananas,Fruits,Autumn,low,medium,67.66693792009738,54.94,9,2023,266
2023-09-23,Oranges,Fruits,Autumn,medium,none,180.4161435323257,181.67,9,2023,266
2023-09-23,Mangoes,Fruits,Autumn,high,none,75.11526568677462,101.81,9,2023,266
2023-09-23,Grapes,Fruits,Autumn,medium,high,70.49500793397218,67.02,9,2023,266
2023-09-23,Rice,Grains,Autumn,medium,medium,111.53493771924305,115.52,9,2023,266
2023-09-23,Wheat,Grains,Autumn,medium,low,71.78931820820529,73.68,9,2023,266
2023-09-23,Corn,Grains,Autumn,high,medium,133.25945474149256,178.75,9,2023,266
2023-09-23,Barley,Grains,Autumn,high,low,29.353897663612443,41.92,9,2023,266
2023-09-23,Oats,Grains,Autumn,low,none,69.66709363101133,65.2,9,2023,266
2023-09-23,Milk,Dairy,Autumn,low,medium,82.32788747625473,63.33,9,2023,266
2023-09-23,Cheese,Dairy,Autumn,low,high,38.17058269448731,29.42,9,2023,266
2023-09-23,Butter,Dairy,Autumn,medium,none,102.0979147992665,106.32,9,2023,266
2023-09-23,Yogurt,Dairy,Autumn,low,medium,93.72096690725166,78.25,9,2023,266
2023-09-23,Cream,Dairy,Autumn,high,medium,61.058068022429325,80.04,9,2023,266
2023-09-23,Chicken,Meat,Autumn,low,low,88.38637237316262,75.44,9,2023,266
2023-09-23,Beef,Meat,Autumn,low,low,120.78029573224137,101.07,9,2023,266
2023-09-23,Pork,Meat,Autumn,high,medium,51.754143877019516,67.16,9,2023,266
2023-09-23,Fish,Meat,Autumn,high,medium,43.594375106846556,60.96,9,2023,266
2023-09-23,Lamb,Meat,Autumn,high,low,190.51524186265317,278.23,9,2023,266
2023-09-30,Tomatoes,Vegetables,Autumn,low,none,34.89289462767288,29.44,9,2023,273
2023-09-30,Potatoes,Vegetables,Autumn,high,medium,108.32498226685712,146.67,9,2023,273
2023-09-30,Onions,Vegetables,Autumn,high,high,95.65999569773166,125.64,9,2023,273
2023-09-30,Carrots,Vegetables,Autumn,low,high,176.98900735451116,141.77,9,2023,273
2023-09-30,Spinach,Vegetables,Autumn,high,medium,160.69438017977788,190.58,9,2023,273
2023-09-30,Apples,Fruits,Autumn,high,medium,38.20948607315741,49.65,9,2023,273
2023-09-30,Bananas,Fruits,Autumn,low,medium,195.2109724584878,155.87,9,2023,273
2023-09-30,Oranges,Fruits,Autumn,low,none,194.234563418592,172.51,9,2023,273
2023-09-30,Mangoes,Fruits,Autumn,medium,medium,122.50577263934193,109.38,9,2023,273
2023-09-30,Grapes,Fruits,Autumn,medium,none,99.63087333467485,118.09,9,2023,273
2023-09-30,Rice,Grains,Autumn,low,medium,86.21312502934252,70.96,9,2023,273
2023-09-30,Wheat,Grains,Autumn,low,medium,49.624066048430514,42.98,9,2023,273
2023-09-30,Corn,Grains,Autumn,high,high,160.31951638314712,196.11,9,2023,273
2023-09-30,Barley,Grains,Autumn,medium,low,71.21215275363994,76.93,9,2023,273
2023-09-30,Oats,Grains,Autumn,medium,none,175.2987399426606,204.88,9,2023,273
2023-09-30,Milk,Dairy,Autumn,low,medium,173.61123203664948,131.05,9,2023,273
2023-09-30,Cheese,Dairy,Autumn,medium,medium,182.71155173418006,182.78,9,2023,273
2023-09-30,Butter,Dairy,Autumn,high,low,29.091344749810784,41.26,9,2023,273
2023-09-30,Yogurt,Dairy,Autumn,high,medium,100.00639603600239,120.74,9,2023,273
2023-09-30,Cream,Dairy,Autumn,low,low,140.59162835465924,124.73,9,2023,273
2023-09-30,Chicken,Meat,Autumn,high,medium,34.26492910338719,43.1,9,2023,273
2023-09-30,Beef,Meat,Autumn,high,low,107.27457314889865,140.51,9,2023,273
2023-09-30,Pork,Meat,Autumn,medium,high,193.5048821731739,163.68,9,2023,273
2023-09-30,Fish,Meat,Autumn,medium,none,97.43166351997637,102.92,9,2023,273
2023-09-30,Lamb,Meat,Autumn,low,none,37.02014205938988,33.27,9,2023,273
2023-10-07,Tomatoes,Vegetables,Winter,medium,none,122.6562514087707,136.6,10,2023,280
2023-10-07,Potatoes,Vegetables,Winter,high,none,132.05889131836048,206.18,10,2023,280
2023-10-07,Onions,Vegetables,Winter,low,medium,118.07870348529082,103.14,10,2023,280
2023-10-07,Carrots,Vegetables,Winter,medium,none,81.38363100608609,89.15,10,2023,280
2023-10-07,Spinach,Vegetables,Winter,medium,low,135.6997790107757,166.94,10,2023,280
2023-10-07,Apples,Fruits,Winter,high,none,137.57369404840625,234.63,10,2023,280
2023-10-07,Bananas,Fruits,Winter,low,high,164.29150747676604,128.51,10,2023,280
2023-10-07,Oranges,Fruits,Winter,low,high,87.23725333657319,65.09,10,2023,280
2023-10-07,Mangoes,Fruits,Winter,high,none,66.20250649704742,102.86,10,2023,280
2023-10-07,Grapes,Fruits,Winter,low,low,92.43084166659742,83.32,10,2023,280
2023-10-07,Rice,Grains,Winter,high,medium,158.7245547368421,200.8,10,2023,280
2023-10-07,Wheat,Grains,Winter,medium,high,140.3308822071769,147.57,10,2023,280
2023-10-07,Corn,Grains,Winter,low,low,99.69246698716249,86.06,10,2023,280
2023-10-07,Barley,Grains,Winter,low,medium,129.38526262956947,102.13,10,2023,280
2023-10-07,Oats,Grains,Winter,medium,none,54.88204340420387,69.0,10,2023,280
2023-10-07,Milk,Dairy,Winter,medium,medium,54.04496533881321,55.04,10,2023,280
2023-10-07,Cheese,Dairy,Winter,low,medium,175.0924910151161,151.84,10,2023,280
2023-10-07,Butter,Dairy,Winter,medium,high,83.41559915765208,77.42,10,2023,280
2023-10-07,Yogurt,Dairy,Winter,high,none,68.33001371554917,107.31,10,2023,280
2023-10-07,Cream,Dairy,Winter,medium,low,189.92743009056693,210.01,10,2023,280
2023-10-07,Chicken,Meat,Winter,high,low,96.46913597184209,132.19,10,2023,280
2023-10-07,Beef,Meat,Winter,low,medium,131.52228046015873,119.94,10,2023,280
2023-10-07,Pork,Meat,Winter,medium,none,120.20276948271564,130.21,10,2023,280
2023-10-07,Fish,Meat,Winter,low,low,49.19073088469385,41.06,10,2023,280
2023-10-07,Lamb,Meat,Winter,low,none,142.1818800068441,142.41,10,2023,280
2023-10-14,Tomatoes,Vegetables,Winter,high,high,147.07827253315884,186.04,10,2023,287
2023-10-14,Potatoes,Vegetables,Winter,high,none,137.85872844837587,201.92,10,2023,287
2023-10-14,Onions,Vegetables,Winter,low,none,151.70232778174673,155.99,10,2023,287
2023-10-14,Carrots,Vegetables,Winter,high,low,112.64051432932895,167.57,10,2023,287
2023-10-14,Spinach,Vegetables,Winter,medium,low,73.65036292306571,80.58,10,2023,287
2023-10-14,Apples,Fruits,Winter,high,low,67.34465043370113,97.86,10,2023,287
2023-10-14,Bananas,Fruits,Winter,low,medium,125.98584862812018,107.35,10,2023,287
2023-10-14,Oranges,Fruits,Winter,medium,none,51.46160870812844,62.51,10,2023,287
2023-10-14,Mangoes,Fruits,Winter,high,medium,143.7386349693561,185.45,10,2023,287
2023-10-14,Grapes,Fruits,Winter,low,low,195.65675530103658,175.72,10,2023,287
2023-10-14,Rice,Grains,Winter,low,high,136.9755059064635,118.71,10,2023,287
2023-10-14,Wheat,Grains,Winter,low,medium,116.58407420515165,107.03,10,2023,287
2023-10-14,Corn,Grains,Winter,medium,low,43.144324132100444,51.05,10,2023,287
2023-10-14,Barley,Grains,Winter,low,medium,74.25052323794466,59.67,10,2023,287
2023-10-14,Oats,Grains,Winter,medium,none,104.42720839987332,127.44,10,2023,287
2023-10-14,Milk,Dairy,Winter,high,low,112.37060293950158,160.96,10,2023,287
2023-10-14,Cheese,Dairy,Winter,high,low,32.81244253725552,47.98,10,2023,287
2023-10-14,Butter,Dairy,Winter,low,none,84.04276300777875,77.53,10,2023,287
2023-10-14,Yogurt,Dairy,Winter,high,high,143.8238164619584,183.04,10,2023,287
2023-10-14,Cream,Dairy,Winter,medium,high,54.737121429025144,52.44,10,2023,287
2023-10-14,Chicken,Meat,Winter,medium,high,144.21356375398358,144.62,10,2023,287
2023-10-14,Beef,Meat,Winter,high,none,104.45194929669891,170.58,10,2023,287
2023-10-14,Pork,Meat,Winter,medium,high,29.919735189320015,31.76,10,2023,287
2023-10-14,Fish,Meat,Winter,low,low,58.9026797027772,50.61,10,2023,287
2023-10-14,Lamb,Meat,Winter,high,medium,24.148475913189333,31.94,10,2023,287
2023-10-21,Tomatoes,Vegetables,Winter,low,high,60.956097848563395,46.03,10,2023,294
2023-10-21,Potatoes,Vegetables,Winter,low,low,135.0673189726453,129.43,10,2023,294
2023-10-21,Onions,Vegetables,Winter,high,medium,192.0151031102159,272.69,10,2023,294
2023-10-21,Carrots,Vegetables,Winter,low,none,66.08381115107235,58.57,10,2023,294
2023-10-21,Spinach,Vegetables,Winter,low,low,116.55386895440547,101.36,10,2023,294
2023-10-21,Apples,Fruits,Winter,low,none,128.72089959311,135.9,10,2023,294
2023-10-21,Bananas,Fruits,Winter,low,high,129.3972983738164,99.79,10,2023,294
2023-10-21,Oranges,Fruits,Winter,low,low,66.27729609112012,58.84,10,2023,294
2023-10-21,Mangoes,Fruits,Winter,medium,high,184.48661407248997,183.41,10,2023,294
2023-10-21,Grapes,Fruits,Winter,low,high,89.03621223811585,74.84,10,2023,294
2023-10-21,Rice,Grains,Winter,low,none,130.5503930574007,133.3,10,2023,294
2023-10-21,Wheat,Grains,Winter,high,none,26.905495044026203,42.67,10,2023,294
2023-10-21,Corn,Grains,Winter,medium,high,145.7900606802859,134.21,10,2023,294
2023-10-21,Barley,Grains,Winter,high,medium,176.87933416248458,240.54,10,2023,294
2023-10-21,Oats,Grains,Winter,high,medium,44.88420181413028,65.75,10,2023,294
2023-10-21,Milk,Dairy,Winter,medium,none,64.932446793905,82.8,10,2023,294
2023-10-21,Cheese,Dairy,Winter,low,high,192.40943914554978,170.61,10,2023,294
2023-10-21,Butter,Dairy,Winter,low,none,174.5736313723954,156.54,10,2023,294
2023-10-21,Yogurt,Dairy,Winter,low,medium,68.90735339373673,59.58,10,2023,294
2023-10-21,Cream,Dairy,Winter,low,high,176.07439948851626,140.94,10,2023,294
2023-10-21,Chicken,Meat,Winter,low,none,111.14309959054623,101.92,10,2023,294
2023-10-21,Beef,Meat,Winter,medium,low,162.63033956458645,192.13,10,2023,294
2023-10-21,Pork,Meat,Winter,medium,none,65.65081297494154,85.56,10,2023,294
2023-10-21,Fish,Meat,Winter,low,none,170.64700991203227,148.18,10,2023,294
2023-10-21,Lamb,Meat,Winter,high,low,40.314466048297206,63.58,10,2023,294
2023-10-28,Tomatoes,Vegetables,Winter,low,low,71.34398161521798,68.76,10,2023,301
2023-10-28,Potatoes,Vegetables,Winter,medium,none,78.42958365745004,97.09,10,2023,301
2023-10-28,Onions,Vegetables,Winter,medium,low,192.6402125593329,232.32,10,2023,301
2023-10-28,Carrots,Vegetables,Winter,medium,high,150.2110439938871,163.82,10,2023,301
2023-10-28,Spinach,Vegetables,Winter,high,none,96.9510266684059,139.73,10,2023,301
2023-10-28,Apples,Fruits,Winter,high,none,60.42482887770219,100.68,10,2023,301
2023-10-28,Bananas,Fruits,Winter,high,high,146.23280157590915,188.13,10,2023,301
2023-10-28,Oranges,Fruits,Winter,low,none,92.83767349673903,83.63,10,2023,301
2023-10-28,Mangoes,Fruits,Winter,medium,high,31.018998465842962,34.74,10,2023,301
2023-10-28,Grapes,Fruits,Winter,medium,none,50.02934689104731,63.39,10,2023,301
2023-10-28,Rice,Grains,Winter,medium,high,65.46548120325036,69.5,10,2023,301
2023-10-28,Wheat,Grains,Winter,medium,high,190.22123666914482,200.31,10,2023,301
2023-10-28,Corn,Grains,Winter,high,none,103.67386054638872,160.1,10,2023,301
2023-10-28,Barley,Grains,Winter,low,high,53.95380435633347,44.28,10,2023,301
2023-10-28,Oats,Grains,Winter,medium,medium,165.908692686829,183.87,10,2023,301
2023-10-28,Milk,Dairy,Winter,high,medium,82.92533524119057,113.93,10,2023,301
2023-10-28,Cheese,Dairy,Winter,low,low,81.5640795646367,77.86,10,2023,301
2023-10-28,Butter,Dairy,Winter,medium,none,36.93076764114597,46.5,10,2023,301
2023-10-28,Yogurt,Dairy,Winter,medium,high,21.50384675098494,22.29,10,2023,301
2023-10-28,Cream,Dairy,Winter,high,high,148.58976116671263,206.26,10,2023,301
2023-10-28,Chicken,Meat,Winter,medium,none,86.79909639791701,107.83,10,2023,301
2023-10-28,Beef,Meat,Winter,low,none,147.01868009731038,138.81,10,2023,301
2023-10-28,Pork,Meat,Winter,high,none,151.52222207511025,216.24,10,2023,301
2023-10-28,Fish,Meat,Winter,high,none,54.56292517423079,88.95,10,2023,301
2023-10-28,Lamb,Meat,Winter,medium,none,181.0571576622491,238.57,10,2023,301
2023-11-04,Tomatoes,Vegetables,Spring,high,low,57.69320851098805,78.34,11,2023,308
2023-11-04,Potatoes,Vegetables,Spring,high,low,70.59329938012036,92.18,11,2023,308
2023-11-04,Onions,Vegetables,Spring,high,low,76.25785740261,100.59,11,2023,308
2023-11-04,Carrots,Vegetables,Spring,high,high,172.57525931166592,205.22,11,2023,308
2023-11-04,Spinach,Vegetables,Spring,medium,medium,165.03444059206163,142.47,11,2023,308
2023-11-04,Apples,Fruits,Spring,medium,low,179.87765477854683,162.18,11,2023,308
2023-11-04,Bananas,Fruits,Spring,low,none,100.71341138286792,88.16,11,2023,308
2023-11-04,Oranges,Fruits,Spring,low,high,98.84605820557643,62.61,11,2023,308
2023-11-04,Mangoes,Fruits,Spring,low,low,144.3120935746415,112.98,11,2023,308
2023-11-04,Grapes,Fruits,Spring,low,low,180.1437342628997,147.89,11,2023,308
2023-11-04,Rice,Grains,Spring,low,none,155.12042257069788,124.77,11,2023,308
2023-11-04,Wheat,Grains,Spring,low,low,179.54635647719735,146.9,11,2023,308
2023-11-04,Corn,Grains,Spring,medium,none,185.9687843828793,172.16,11,2023,308
2023-11-04,Barley,Grains,Spring,medium,none,120.26122513636315,131.67,11,2023,308
2023-11-04,Oats,Grains,Spring,high,high,28.32714512119999,29.5,11,2023,308
2023-11-04,Milk,Dairy,Spring,low,medium,156.07385280762466,103.83,11,2023,308
2023-11-04,Cheese,Dairy,Spring,medium,high,107.03397212569487,83.2,11,2023,308
2023-11-04,Butter,Dairy,Spring,medium,medium,46.54154166791232,44.5,11,2023,308
2023-11-04,Yogurt,Dairy,Spring,low,high,155.43366197816167,110.27,11,2023,308
2023-11-04,Cream,Dairy,Spring,low,none,140.48937626057645,115.59,11,2023,308
2023-11-04,Chicken,Meat,Spring,high,none,26.90507986183544,33.57,11,2023,308
2023-11-04,Beef,Meat,Spring,medium,none,76.98765087390242,69.77,11,2023,308
2023-11-04,Pork,Meat,Spring,medium,high,150.7694143407361,125.98,11,2023,308
2023-11-04,Fish,Meat,Spring,low,medium,157.67818941592435,122.22,11,2023,308
2023-11-04,Lamb,Meat,Spring,medium,low,115.00617949321173,114.7,11,2023,308
2023-11-11,Tomatoes,Vegetables,Spring,low,none,193.64428618912297,141.08,11,2023,315
2023-11-11,Potatoes,Vegetables,Spring,high,high,188.75906073332092,213.37,11,2023,315
2023-11-11,Onions,Vegetables,Spring,low,low,106.83624828705119,85.55,11,2023,315
2023-11-11,Carrots,Vegetables,Spring,low,high,154.50043611594563,100.99,11,2023,315
2023-11-11,Spinach,Vegetables,Spring,medium,high,170.81144856299332,156.26,11,2023,315
2023-11-11,Apples,Fruits,Spring,high,medium,66.1991041812646,71.67,11,2023,315
2023-11-11,Bananas,Fruits,Spring,low,low,103.14653675703231,84.62,11,2023,315
2023-11-11,Oranges,Fruits,Spring,low,none,67.63691089977706,49.78,11,2023,315
2023-11-11,Mangoes,Fruits,Spring,high,low,26.038256854188404,33.41,11,2023,315
2023-11-11,Grapes,Fruits,Spring,high,medium,163.24161161177037,172.14,11,2023,315
2023-11-11,Rice,Grains,Spring,high,medium,106.31346268004368,114.24,11,2023,315
2023-11-11,Wheat,Grains,Spring,high,high,78.8040240557147,83.24,11,2023,315
2023-11-11,Corn,Grains,Spring,high,none,124.73574797084741,150.63,11,2023,315
2023-11-11,Barley,Grains,Spring,medium,none,145.14651213597804,149.2,11,2023,315
2023-11-11,Oats,Grains,Spring,high,none,29.843231735605798,34.96,11,2023,315
2023-11-11,Milk,Dairy,Spring,low,low,154.68298511256202,109.09,11,2023,315
2023-11-11,Cheese,Dairy,Spring,high,none,37.30265331178727,52.7,11,2023,315
2023-11-11,Butter,Dairy,Spring,medium,high,117.62958083427897,109.18,11,2023,315
2023-11-11,Yogurt,Dairy,Spring,medium,high,89.3292729990573,81.62,11,2023,315
2023-11-11,Cream,Dairy,Spring,medium,medium,121.49606574051798,114.31,11,2023,315
2023-11-11,Chicken,Meat,Spring,low,high,124.37016289059626,88.56,11,2023,315
2023-11-11,Beef,Meat,Spring,medium,none,74.22163306290348,73.4,11,2023,315
2023-11-11,Pork,Meat,Spring,low,low,28.358057986906218,23.37,11,2023,315
2023-11-11,Fish,Meat,Spring,low,high,43.152330879054574,27.16,11,2023,315
2023-11-11,Lamb,Meat,Spring,low,low,96.56416932859705,77.03,11,2023,315
2023-11-18,Tomatoes,Vegetables,Spring,low,low,67.16630081123742,55.05,11,2023,322
2023-11-18,Potatoes,Vegetables,Spring,high,high,55.35943674010145,56.13,11,2023,322
2023-11-18,Onions,Vegetables,Spring,low,none,90.47667792829326,79.37,11,2023,322
2023-11-18,Carrots,Vegetables,Spring,medium,medium,115.01012676102933,110.56,11,2023,322
2023-11-18,Spinach,Vegetables,Spring,high,low,136.64569831955512,167.74,11,2023,322
2023-11-18,Apples,Fruits,Spring,low,high,174.4250730038422,128.66,11,2023,322
2023-11-18,Bananas,Fruits,Spring,medium,medium,61.36514145607972,56.67,11,2023,322
2023-11-18,Oranges,Fruits,Spring,low,none,154.92789940173722,134.67,11,2023,322
2023-11-18,Mangoes,Fruits,Spring,low,high,133.84499643406593,82.15,11,2023,322
2023-11-18,Grapes,Fruits,Spring,medium,medium,190.0550144378381,165.64,11,2023,322
2023-11-18,Rice,Grains,Spring,low,none,186.3593182716788,151.52,11,2023,322
2023-11-18,Wheat,Grains,Spring,low,high,118.80785440988078,82.46,11,2023,322
2023-11-18,Corn,Grains,Spring,low,medium,188.1112409448893,125.88,11,2023,322
2023-11-18,Barley,Grains,Spring,low,high,174.04812328230264,110.93,11,2023,322
2023-11-18,Oats,Grains,Spring,high,high,68.4847461194368,74.98,11,2023,322
2023-11-18,Milk,Dairy,Spring,high,high,140.69729117109637,151.78,11,2023,322
2023-11-18,Cheese,Dairy,Spring,medium,low,198.3282605521589,179.25,11,2023,322
2023-11-18,Butter,Dairy,Spring,low,medium,23.763712220342295,15.59,11,2023,322
2023-11-18,Yogurt,Dairy,Spring,low,none,38.61108859340747,29.22,11,2023,322
2023-11-18,Cream,Dairy,Spring,medium,none,112.8702581345762,116.33,11,2023,322
2023-11-18,Chicken,Meat,Spring,high,high,32.66625942308528,39.37,11,2023,322
2023-11-18,Beef,Meat,Spring,high,low,117.37752239505507,146.61,11,2023,322
2023-11-18,Pork,Meat,Spring,high,medium,173.85331134655615,196.73,11,2023,322
2023-11-18,Fish,Meat,Spring,low,high,120.92500664762242,77.3,11,2023,322
2023-11-18,Lamb,Meat,Spring,medium,low,94.42383800782882,90.21,11,2023,322
2023-11-25,Tomatoes,Vegetables,Spring,high,none,139.13810984804442,195.56,11,2023,329
2023-11-25,Potatoes,Vegetables,Spring,medium,low,170.93885726446274,159.51,11,2023,329
2023-11-25,Onions,Vegetables,Spring,low,medium,62.582226537998004,41.74,11,2023,329
2023-11-25,Carrots,Vegetables,Spring,low,high,142.44279569188095,91.6,11,2023,329
2023-11-25,Spinach,Vegetables,Spring,medium,medium,175.9569325217761,171.44,11,2023,329
2023-11-25,Apples,Fruits,Spring,medium,none,41.30520101323364,39.24,11,2023,329
2023-11-25,Bananas,Fruits,Spring,high,medium,170.57943041053048,185.02,11,2023,329
2023-11-25,Oranges,Fruits,Spring,high,none,122.77848283867613,164.77,11,2023,329
2023-11-25,Mangoes,Fruits,Spring,high,low,178.7425912574227,211.47,11,2023,329
2023-11-25,Grapes,Fruits,Spring,low,low,22.612717014969583,16.75,11,2023,329
2023-11-25,Rice,Grains,Spring,medium,low,52.92835783115825,55.15,11,2023,329
2023-11-25,Wheat,Grains,Spring,medium,high,73.59574766100398,66.02,11,2023,329
2023-11-25,Corn,Grains,Spring,high,none,154.8484081717757,202.73,11,2023,329
2023-11-25,Barley,Grains,Spring,medium,high,117.84720348403258,97.91,11,2023,329
2023-11-25,Oats,Grains,Spring,medium,low,136.500011011614,136.07,11,2023,329
2023-11-25,Milk,Dairy,Spring,high,medium,36.88793703117977,43.11,11,2023,329
2023-11-25,Cheese,Dairy,Spring,high,medium,151.73718555128963,193.33,11,2023,329
2023-11-25,Butter,Dairy,Spring,medium,high,106.72461965700944,96.62,11,2023,329
2023-11-25,Yogurt,Dairy,Spring,high,high,69.54249906760205,80.04,11,2023,329
2023-11-25,Cream,Dairy,Spring,high,none,106.94213399870816,152.45,11,2023,329
2023-11-25,Chicken,Meat,Spring,low,high,91.83968310345125,61.3,11,2023,329
2023-11-25,Beef,Meat,Spring,high,medium,78.41973975156671,96.5,11,2023,329
2023-11-25,Pork,Meat,Spring,low,medium,106.15607669909447,73.52,11,2023,329
2023-11-25,Fish,Meat,Spring,high,medium,72.61454837987075,77.95,11,2023,329
2023-11-25,Lamb,Meat,Spring,medium,medium,165.02156822768674,149.63,11,2023,329
2023-12-02,Tomatoes,Vegetables,Summer,low,none,28.87393923365059,19.73,12,2023,336
2023-12-02,Potatoes,Vegetables,Summer,high,none,142.50495672537812,153.85,12,2023,336
2023-12-02,Onions,Vegetables,Summer,low,medium,93.9729094464626,63.48,12,2023,336
2023-12-02,Carrots,Vegetables,Summer,high,medium,52.121121337707464,52.84,12,2023,336
2023-12-02,Spinach,Vegetables,Summer,medium,medium,134.02354146243908,111.35,12,2023,336
2023-12-02,Apples,Fruits,Summer,medium,high,37.10724331729149,29.92,12,2023,336
2023-12-02,Bananas,Fruits,Summer,high,low,127.41013821911908,140.06,12,2023,336
2023-12-02,Oranges,Fruits,Summer,low,none,40.364468781324256,31.96,12,2023,336
2023-12-02,Mangoes,Fruits,Summer,high,high,179.99165211293572,184.05,12,2023,336
2023-12-02,Grapes,Fruits,Summer,low,none,182.2266574033814,128.09,12,2023,336
2023-12-02,Rice,Grains,Summer,medium,high,45.356348711155036,36.29,12,2023,336
2023-12-02,Wheat,Grains,Summer,low,low,187.74429186754205,139.98,12,2023,336
2023-12-02,Corn,Grains,Summer,high,medium,31.387280927721463,30.12,12,2023,336
2023-12-02,Barley,Grains,Summer,high,high,180.87935379715006,185.98,12,2023,336
2023-12-02,Oats,Grains,Summer,medium,medium,169.68330666388147,124.76,12,2023,336
2023-12-02,Milk,Dairy,Summer,low,high,178.19860626431338,100.97,12,2023,336
2023-12-02,Cheese,Dairy,Summer,low,high,104.32302267567557,57.86,12,2023,336
2023-12-02,Butter,Dairy,Summer,medium,none,69.4812184862758,61.54,12,2023,336
2023-12-02,Yogurt,Dairy,Summer,high,low,181.11800523192397,206.83,12,2023,336
2023-12-02,Cream,Dairy,Summer,high,low,49.09478488122652,54.75,12,2023,336
2023-12-02,Chicken,Meat,Summer,low,none,47.67487617852525,36.09,12,2023,336
2023-12-02,Beef,Meat,Summer,high,low,151.70694909016729,158.52,12,2023,336
2023-12-02,Pork,Meat,Summer,high,medium,57.98120450735469,57.63,12,2023,336
2023-12-02,Fish,Meat,Summer,medium,none,98.9609054245488,94.12,12,2023,336
2023-12-02,Lamb,Meat,Summer,medium,high,101.58711905465474,82.98,12,2023,336
2023-12-09,Tomatoes,Vegetables,Summer,medium,none,137.85963523116686,118.47,12,2023,343
2023-12-09,Potatoes,Vegetables,Summer,low,low,76.67140797357237,50.06,12,2023,343
2023-12-09,Onions,Vegetables,Summer,high,none,57.71346037625578,70.3,12,2023,343
2023-12-09,Carrots,Vegetables,Summer,medium,low,152.37858690059355,126.25,12,2023,343
2023-12-09,Spinach,Vegetables,Summer,low,medium,198.39017157303567,125.05,12,2023,343
2023-12-09,Apples,Fruits,Summer,low,low,156.1769450291552,110.96,12,2023,343
2023-12-09,Bananas,Fruits,Summer,low,low,27.1480173630045,18.38,12,2023,343
2023-12-09,Oranges,Fruits,Summer,high,high,134.6047245844295,138.61,12,2023,343
2023-12-09,Mangoes,Fruits,Summer,medium,low,159.00324966078978,139.15,12,2023,343
2023-12-09,Grapes,Fruits,Summer,low,low,102.13866628803174,69.83,12,2023,343
2023-12-09,Rice,Grains,Summer,medium,none,171.5255676251874,152.97,12,2023,343
2023-12-09,Wheat,Grains,Summer,medium,none,154.12606576900768,125.14,12,2023,343
2023-12-09,Corn,Grains,Summer,high,low,159.7803449213396,161.95,12,2023,343
2023-12-09,Barley,Grains,Summer,high,low,129.96335398851136,152.95,12,2023,343
2023-12-09,Oats,Grains,Summer,low,low,177.39461975536614,128.06,12,2023,343
2023-12-09,Milk,Dairy,Summer,medium,low,68.42940117358933,58.9,12,2023,343
2023-12-09,Cheese,Dairy,Summer,low,high,29.496190669776347,19.65,12,2023,343
2023-12-09,Butter,Dairy,Summer,high,high,179.8146829523995,187.56,12,2023,343
2023-12-09,Yogurt,Dairy,Summer,high,medium,165.04271587248226,172.8,12,2023,343
2023-12-09,Cream,Dairy,Summer,medium,none,147.9778294634629,122.87,12,2023,343
2023-12-09,Chicken,Meat,Summer,high,high,147.05884004270987,150.71,12,2023,343
2023-12-09,Beef,Meat,Summer,high,low,159.2841347424261,165.83,12,2023,343
2023-12-09,Pork,Meat,Summer,medium,high,135.69925909129267,111.29,12,2023,343
2023-12-09,Fish,Meat,Summer,medium,medium,42.07304899604118,31.83,12,2023,343
2023-12-09,Lamb,Meat,Summer,low,low,193.81757145795422,132.07,12,2023,343
2023-12-16,Tomatoes,Vegetables,Summer,low,high,80.0062108609813,49.66,12,2023,350
2023-12-16,Potatoes,Vegetables,Summer,medium,none,98.40604844228763,92.69,12,2023,350
2023-12-16,Onions,Vegetables,Summer,high,none,143.45772951556364,159.45,12,2023,350
2023-12-16,Carrots,Vegetables,Summer,high,low,129.71513175573145,140.42,12,2023,350
2023-12-16,Spinach,Vegetables,Summer,high,medium,107.49035754248257,105.08,12,2023,350
2023-12-16,Apples,Fruits,Summer,low,high,58.48421791929191,35.42,12,2023,350
2023-12-16,Bananas,Fruits,Summer,high,medium,115.4851736956026,130.13,12,2023,350
2023-12-16,Oranges,Fruits,Summer,medium,low,61.34641676518419,51.11,12,2023,350
2023-12-16,Mangoes,Fruits,Summer,low,low,61.46170977842321,38.97,12,2023,350
2023-12-16,Grapes,Fruits,Summer,high,high,77.63351949272996,75.8,12,2023,350
2023-12-16,Rice,Grains,Summer,high,none,154.68206896883166,171.84,12,2023,350
2023-12-16,Wheat,Grains,Summer,medium,none,165.32221181606633,135.32,12,2023,350
2023-12-16,Corn,Grains,Summer,high,low,164.21087059315846,171.52,12,2023,350
2023-12-16,Barley,Grains,Summer,medium,low,109.06912219185563,98.3,12,2023,350
2023-12-16,Oats,Grains,Summer,medium,medium,109.93131415977716,80.46,12,2023,350
2023-12-16,Milk,Dairy,Summer,high,low,106.89110974582101,124.3,12,2023,350
2023-12-16,Cheese,Dairy,Summer,medium,none,63.59302020687819,60.6,12,2023,350
2023-12-16,Butter,Dairy,Summer,low,medium,198.08131481113227,140.81,12,2023,350
2023-12-16,Yogurt,Dairy,Summer,high,high,25.190538845906964,23.09,12,2023,350
2023-12-16,Cream,Dairy,Summer,low,none,67.21488764919911,43.87,12,2023,350
2023-12-16,Chicken,Meat,Summer,medium,low,113.63292843183086,106.31,12,2023,350
2023-12-16,Beef,Meat,Summer,medium,none,87.24901871613064,75.55,12,2023,350
2023-12-16,Pork,Meat,Summer,low,low,130.8306896201311,87.77,12,2023,350
2023-12-16,Fish,Meat,Summer,low,low,177.56682739890198,119.09,12,2023,350
2023-12-16,Lamb,Meat,Summer,medium,none,26.51730706772929,24.86,12,2023,350
2023-12-23,Tomatoes,Vegetables,Summer,high,high,40.59886943303266,42.65,12,2023,357
2023-12-23,Potatoes,Vegetables,Summer,high,medium,85.86549837444358,93.53,12,2023,357
2023-12-23,Onions,Vegetables,Summer,high,high,55.416579980898014,50.76,12,2023,357
2023-12-23,Carrots,Vegetables,Summer,high,low,147.17896441090886,175.69,12,2023,357
2023-12-23,Spinach,Vegetables,Summer,medium,high,42.71511638472259,33.15,12,2023,357
2023-12-23,Apples,Fruits,Summer,low,medium,106.41622560320836,72.02,12,2023,357
2023-12-23,Bananas,Fruits,Summer,medium,medium,188.79349788826798,138.23,12,2023,357
2023-12-23,Oranges,Fruits,Summer,medium,medium,165.02686264661662,146.68,12,2023,357
2023-12-23,Mangoes,Fruits,Summer,medium,low,131.48268481259072,112.11,12,2023,357
2023-12-23,Grapes,Fruits,Summer,low,low,73.7211190065969,55.29,12,2023,357
2023-12-23,Rice,Grains,Summer,high,none,55.645570393596856,59.33,12,2023,357
2023-12-23,Wheat,Grains,Summer,low,medium,176.29346326903902,104.39,12,2023,357
2023-12-23,Corn,Grains,Summer,low,high,199.24442620038533,115.62,12,2023,357
2023-12-23,Barley,Grains,Summer,medium,high,188.50260287722423,140.31,12,2023,357
2023-12-23,Oats,Grains,Summer,low,low,177.2104624236595,117.21,12,2023,357
2023-12-23,Milk,Dairy,Summer,low,low,57.3108540589524,37.76,12,2023,357
2023-12-23,Cheese,Dairy,Summer,low,high,141.91471267366538,88.19,12,2023,357
2023-12-23,Butter,Dairy,Summer,medium,medium,31.86058970575509,25.33,12,2023,357
2023-12-23,Yogurt,Dairy,Summer,low,low,188.6508657035652,133.27,12,2023,357
2023-12-23,Cream,Dairy,Summer,low,medium,65.91570003585167,42.44,12,2023,357
2023-12-23,Chicken,Meat,Summer,high,high,177.48909300848084,191.57,12,2023,357
2023-12-23,Beef,Meat,Summer,low,high,181.66229024831816,111.32,12,2023,357
2023-12-23,Pork,Meat,Summer,medium,medium,121.30944269862852,94.23,12,2023,357
2023-12-23,Fish,Meat,Summer,medium,none,152.01233288028303,128.4,12,2023,357
2023-12-23,Lamb,Meat,Summer,high,medium,37.57137689632681,38.37,12,2023,357
2023-12-30,Tomatoes,Vegetables,Summer,medium,medium,119.23713031930654,89.35,12,2023,364
2023-12-30,Potatoes,Vegetables,Summer,medium,high,126.07969609059104,90.72,12,2023,364
2023-12-30,Onions,Vegetables,Summer,low,none,101.33642803741002,74.28,12,2023,364
2023-12-30,Carrots,Vegetables,Summer,low,medium,37.44511887205907,26.25,12,2023,364
2023-12-30,Spinach,Vegetables,Summer,medium,low,38.315815130182834,29.52,12,2023,364
2023-12-30,Apples,Fruits,Summer,medium,none,79.0525432074184,70.48,12,2023,364
2023-12-30,Bananas,Fruits,Summer,high,none,143.179157081948,173.14,12,2023,364
2023-12-30,Oranges,Fruits,Summer,high,high,27.307277354427214,28.74,12,2023,364
2023-12-30,Mangoes,Fruits,Summer,medium,low,164.54108548262025,132.36,12,2023,364
2023-12-30,Grapes,Fruits,Summer,medium,high,64.49692140751398,46.89,12,2023,364
2023-12-30,Rice,Grains,Summer,low,high,196.5853080407137,127.37,12,2023,364
2023-12-30,Wheat,Grains,Summer,high,medium,35.407919508098296,39.21,12,2023,364
2023-12-30,Corn,Grains,Summer,high,medium,23.95757396707825,25.72,12,2023,364
2023-12-30,Barley,Grains,Summer,low,high,128.86431713191348,83.84,12,2023,364
2023-12-30,Oats,Grains,Summer,medium,low,31.289990854602582,26.72,12,2023,364
2023-12-30,Milk,Dairy,Summer,low,none,44.07692511386039,32.68,12,2023,364
2023-12-30,Cheese,Dairy,Summer,high,none,49.43822362834507,56.66,12,2023,364
2023-12-30,Butter,Dairy,Summer,low,high,24.760442467580145,16.6,12,2023,364
2023-12-30,Yogurt,Dairy,Summer,high,low,177.240003720876,200.46,12,2023,364
2023-12-30,Cream,Dairy,Summer,low,low,172.5134141963889,122.06,12,2023,364
2023-12-30,Chicken,Meat,Summer,low,low,181.55515202783562,122.62,12,2023,364
2023-12-30,Beef,Meat,Summer,low,none,161.21657336328116,122.37,12,2023,364
2023-12-30,Pork,Meat,Summer,high,none,171.45915679212405,206.4,12,2023,364
2023-12-30,Fish,Meat,Summer,low,none,25.100741069009235,19.11,12,2023,364
2023-12-30,Lamb,Meat,Summer,medium,medium,66.62632593860249,49.92,12,2023,364
